Rotational Speed,Torque,Tool Wear,Failure,Failure_Type,Temperature_K
1913,61.65,93.7,1,Power Failure,354.53999999999996
1971,50.17,132.6,0,No Failure,333.91999999999996
1569,40.05,68.1,0,No Failure,335.84999999999997
823,32.28,135.5,0,No Failure,308.15
1560,29.82,23.7,0,No Failure,325.39
1768,47.8,168.3,0,No Failure,339.15
1503,40.19,136.9,0,No Failure,335.66999999999996
1487,66.65,118.3,0,No Failure,308.15
1213,42.41,182.5,0,No Failure,335.84
1199,45.82,95.2,0,No Failure,337.91999999999996
2193,25.56,77.9,1,Heat Dissipation Failure,349.84
2206,39.95,197.4,1,Tool Wear Failure,324.63
1549,47.48,225.4,1,Tool Wear Failure,308.15
1649,39.78,73.4,0,No Failure,320.19
1207,38.2,108.2,0,No Failure,318.89
1775,49.58,177.7,0,No Failure,342.72999999999996
2166,66.21,110.3,1,Power Failure,308.15
1015,47.03,150.7,0,No Failure,327.32
1712,61.02,161.8,1,Power Failure,351.69
1739,53.7,81.3,0,No Failure,333.24
1735,60.18,140.2,0,No Failure,344.79999999999995
2125,36.46,114.6,0,No Failure,311.80999999999995
2263,42.1,42.0,1,Heat Dissipation Failure,312.32
1468,42.16,55.6,0,No Failure,351.83
1786,52.65,75.9,0,No Failure,334.46999999999997
1579,56.09,170.7,0,No Failure,334.49
1329,46.75,172.7,0,No Failure,318.60999999999996
1645,57.27,160.0,0,No Failure,334.46
1785,37.11,141.4,0,No Failure,318.25
1626,57.4,139.8,0,No Failure,348.58
1242,59.22,131.7,1,Heat Dissipation Failure,368.60999999999996
1388,54.48,139.5,0,No Failure,339.44
1390,46.88,143.5,0,No Failure,324.9
1255,54.99,30.7,0,No Failure,308.15
1660,32.48,67.6,0,No Failure,311.25
1696,47.78,53.3,0,No Failure,353.35999999999996
1893,49.21,181.4,1,Tool Wear Failure,319.77
1250,26.39,214.2,1,Tool Wear Failure,328.33
1348,51.64,0.0,0,No Failure,341.66999999999996
2094,27.52,208.9,1,Heat Dissipation Failure,352.41999999999996
1492,39.01,120.2,0,No Failure,330.55999999999995
1561,45.56,175.8,0,No Failure,327.89
1489,34.77,145.4,0,No Failure,334.08
1947,46.16,201.4,1,Tool Wear Failure,324.99
1960,45.93,127.6,0,No Failure,325.69
1940,33.52,33.2,0,No Failure,338.5
1559,52.95,108.7,0,No Failure,335.55999999999995
1245,34.3,145.9,1,Heat Dissipation Failure,360.85999999999996
2224,77.03,102.0,1,Power Failure,338.85999999999996
1850,43.47,154.5,0,No Failure,348.10999999999996
1390,28.6,111.1,0,No Failure,319.21999999999997
2048,31.22,79.3,0,No Failure,339.97999999999996
1363,61.07,49.8,0,No Failure,323.75
2044,39.27,91.5,0,No Failure,338.28999999999996
2067,25.91,127.3,0,No Failure,342.09999999999997
1227,56.95,0.0,0,No Failure,333.79999999999995
1754,39.18,68.2,1,Heat Dissipation Failure,364.45
1824,54.15,0.0,0,No Failure,351.71
2465,58.1,78.0,1,Power Failure,348.45
1290,48.84,186.8,0,No Failure,343.09
2051,78.54,43.8,1,Power Failure,356.07
1556,20.85,157.2,0,No Failure,314.46999999999997
1116,33.55,260.0,1,Tool Wear Failure,350.96
1508,41.42,202.2,0,No Failure,320.26
1551,76.66,123.0,1,Power Failure,325.80999999999995
1179,70.17,166.5,0,No Failure,340.45
1659,63.04,32.8,1,Power Failure,349.17999999999995
1885,33.88,20.6,0,No Failure,318.15
1633,35.51,116.7,0,No Failure,326.49
1360,33.4,138.9,0,No Failure,334.41999999999996
1498,34.03,180.7,0,No Failure,330.72999999999996
1548,65.9,80.9,0,No Failure,344.25
1626,41.59,126.6,1,Heat Dissipation Failure,377.82
1938,43.44,124.5,0,No Failure,338.59999999999997
1645,55.84,107.1,0,No Failure,323.59
1059,21.71,110.7,0,No Failure,316.29999999999995
1353,45.74,63.7,0,No Failure,328.91999999999996
1608,29.64,131.8,0,No Failure,320.92999999999995
1943,40.88,126.7,0,No Failure,339.22999999999996
2004,36.79,88.6,0,No Failure,339.03
2171,36.07,154.9,1,Heat Dissipation Failure,327.13
1596,48.16,176.7,1,Heat Dissipation Failure,358.95
1817,48.1,155.6,0,No Failure,323.59
1041,41.92,52.5,0,No Failure,331.59999999999997
1700,50.19,121.0,0,No Failure,341.46
1174,32.84,60.3,0,No Failure,344.75
1528,54.54,120.8,0,No Failure,349.76
2600,42.11,60.5,1,Power Failure,338.71999999999997
1656,38.23,191.6,0,No Failure,346.80999999999995
1248,33.87,162.0,0,No Failure,324.5
1693,41.62,184.2,0,No Failure,345.09
1369,71.19,178.1,1,Tool Wear Failure,344.90999999999997
1214,44.11,98.8,0,No Failure,352.82
2286,28.98,89.5,0,No Failure,311.46
1923,57.86,219.5,1,Power Failure,321.35999999999996
1671,38.39,105.1,0,No Failure,343.84999999999997
1413,48.97,33.7,0,No Failure,308.15
1441,36.52,175.4,0,No Failure,339.54999999999995
2090,62.93,123.6,1,Power Failure,346.92999999999995
1657,36.73,205.4,0,No Failure,325.65999999999997
600,64.57,129.6,0,No Failure,327.55999999999995
2397,30.31,113.8,1,Heat Dissipation Failure,319.19
1614,40.9,206.6,1,Tool Wear Failure,326.37
1670,64.6,22.7,1,Power Failure,326.75
1930,47.35,79.9,0,No Failure,324.27
1713,76.8,61.8,1,Power Failure,323.55999999999995
1811,41.23,0.0,0,No Failure,329.63
1402,48.6,167.4,0,No Failure,329.46999999999997
1120,71.67,81.6,1,Tool Wear Failure,357.51
1648,23.81,169.3,0,No Failure,328.03
2051,22.07,138.3,0,No Failure,337.62
1323,33.86,151.4,0,No Failure,325.65
1295,56.39,87.7,0,No Failure,325.49
1977,22.46,69.1,0,No Failure,310.99
1390,53.36,120.4,0,No Failure,312.71999999999997
1406,52.37,170.2,0,No Failure,317.46
1419,73.2,112.0,1,Power Failure,335.53999999999996
1527,59.64,72.9,0,No Failure,347.14
999,50.1,43.1,0,No Failure,309.91999999999996
1361,64.03,127.2,0,No Failure,326.01
1631,52.54,81.8,0,No Failure,315.38
1628,38.56,110.7,0,No Failure,329.71
1955,28.98,100.7,0,No Failure,347.14
2194,37.03,88.3,0,No Failure,327.34
2079,44.44,132.6,0,No Failure,332.53
1870,47.45,148.3,0,No Failure,352.07
1498,15.11,232.9,1,Tool Wear Failure,339.09999999999997
1332,41.93,160.5,0,No Failure,323.27
1556,45.4,210.6,0,No Failure,335.21999999999997
1755,52.67,65.9,0,No Failure,322.39
1838,67.78,18.9,1,Power Failure,338.62
1768,47.6,114.1,0,No Failure,339.84999999999997
1508,32.27,166.5,0,No Failure,315.38
1825,19.55,157.1,0,No Failure,335.42999999999995
1991,54.62,187.7,1,Power Failure,331.62
1858,32.83,0.0,0,No Failure,340.22999999999996
1539,57.14,190.2,1,Tool Wear Failure,343.96
1258,64.56,135.1,0,No Failure,339.35999999999996
1250,23.38,22.4,0,No Failure,329.21
1312,52.75,158.4,0,No Failure,345.28
1640,63.1,125.2,0,No Failure,321.79999999999995
1732,59.27,137.9,1,Power Failure,315.97999999999996
1055,15.65,174.9,0,No Failure,308.15
1374,33.05,140.8,0,No Failure,332.24
1635,27.08,26.6,0,No Failure,322.46999999999997
1235,52.33,106.4,0,No Failure,338.32
1702,50.79,17.9,0,No Failure,308.15
1442,10.0,153.9,0,No Failure,324.74
1297,40.79,198.9,0,No Failure,339.26
1569,56.21,40.5,0,No Failure,319.76
1687,47.07,74.7,0,No Failure,338.46999999999997
1253,47.05,62.1,0,No Failure,325.90999999999997
1465,39.89,87.8,0,No Failure,332.71999999999997
1714,30.17,139.7,0,No Failure,340.89
1283,44.76,88.4,0,No Failure,345.53999999999996
970,45.73,154.2,0,No Failure,334.34999999999997
1012,53.61,178.9,0,No Failure,322.57
1404,54.75,181.1,0,No Failure,327.2
1089,46.2,47.9,0,No Failure,341.42999999999995
1428,60.33,198.2,0,No Failure,319.87
2133,39.75,203.0,1,Tool Wear Failure,330.84
1067,24.78,208.2,0,No Failure,328.13
1451,51.68,105.5,0,No Failure,331.80999999999995
2296,46.77,69.9,1,Power Failure,320.03
1693,51.96,55.9,0,No Failure,309.07
1421,27.3,48.9,0,No Failure,339.91999999999996
1495,70.07,115.7,1,Power Failure,345.67999999999995
1700,54.95,165.9,0,No Failure,309.84999999999997
2144,40.97,193.4,1,Tool Wear Failure,337.95
1364,31.9,85.9,0,No Failure,347.22999999999996
1285,60.08,112.7,0,No Failure,340.9
1067,29.58,108.7,0,No Failure,327.72999999999996
1586,76.66,76.9,1,Power Failure,320.88
1058,36.42,159.1,0,No Failure,334.2
1388,69.09,136.8,1,Tool Wear Failure,336.37
1232,42.42,123.5,0,No Failure,334.4
1926,67.13,136.5,1,Power Failure,330.80999999999995
1372,34.71,151.9,0,No Failure,319.08
1689,45.26,151.3,0,No Failure,338.64
989,56.27,64.7,0,No Failure,339.27
1596,54.27,168.8,0,No Failure,335.76
1129,60.41,130.3,0,No Failure,334.59
1401,38.18,88.9,0,No Failure,354.97999999999996
2324,46.19,129.1,1,Power Failure,325.03
1876,62.48,135.7,1,Power Failure,349.80999999999995
1505,35.13,179.9,0,No Failure,323.60999999999996
2600,53.02,52.2,1,Power Failure,347.57
1230,41.93,194.5,1,Tool Wear Failure,349.17999999999995
1958,47.88,116.4,0,No Failure,329.34
1014,46.18,84.6,0,No Failure,354.74
1465,33.96,82.8,0,No Failure,339.25
1078,41.35,54.9,0,No Failure,321.75
1640,47.03,10.5,0,No Failure,328.28999999999996
1570,43.56,155.6,0,No Failure,347.88
1442,67.02,233.9,1,Tool Wear Failure,345.15
1932,59.14,17.9,1,Power Failure,319.4
1352,49.06,58.0,0,No Failure,331.34
1664,34.32,160.1,0,No Failure,335.79999999999995
1837,33.46,112.3,0,No Failure,326.54999999999995
1031,72.63,165.1,1,Heat Dissipation Failure,363.79999999999995
1288,30.86,108.9,0,No Failure,336.19
1569,46.59,80.2,0,No Failure,332.34999999999997
1771,50.05,101.4,0,No Failure,348.63
2047,40.64,0.0,0,No Failure,328.4
1474,30.97,46.4,0,No Failure,346.25
1439,34.01,171.9,0,No Failure,311.46999999999997
1245,37.35,186.5,0,No Failure,327.25
1665,35.07,199.4,0,No Failure,346.78999999999996
1446,63.59,141.5,0,No Failure,353.55999999999995
1454,44.87,0.0,0,No Failure,323.09999999999997
1517,37.67,76.9,0,No Failure,321.58
1743,46.5,194.5,0,No Failure,340.53
1353,54.35,212.4,1,Tool Wear Failure,325.04999999999995
1280,40.18,196.8,0,No Failure,329.65999999999997
1701,57.63,100.8,0,No Failure,344.53999999999996
600,27.2,36.6,0,No Failure,326.08
1339,61.4,112.6,0,No Failure,308.15
1147,44.87,115.9,0,No Failure,316.24
1971,44.33,208.9,1,Tool Wear Failure,333.28
1396,35.3,128.7,0,No Failure,308.92999999999995
1354,27.81,116.0,0,No Failure,329.28999999999996
1533,21.67,119.4,0,No Failure,315.04999999999995
1342,34.32,139.0,0,No Failure,354.46999999999997
1409,53.23,152.6,0,No Failure,361.29999999999995
1584,31.54,71.5,0,No Failure,319.39
1402,23.32,51.5,0,No Failure,336.49
1400,32.27,197.2,0,No Failure,320.65999999999997
1196,39.61,16.5,0,No Failure,329.13
1146,40.16,213.3,1,Tool Wear Failure,356.59999999999997
1571,43.2,0.4,0,No Failure,327.08
1657,59.46,79.9,0,No Failure,329.42999999999995
1050,62.49,173.3,1,Tool Wear Failure,320.9
1816,73.08,115.0,1,Power Failure,348.04999999999995
1817,22.25,36.0,0,No Failure,308.15
1891,33.02,140.6,0,No Failure,327.39
1655,54.78,119.0,0,No Failure,332.54999999999995
1773,38.64,102.0,0,No Failure,324.55999999999995
2315,57.05,77.6,1,Power Failure,344.38
1444,47.9,112.9,0,No Failure,348.78
1184,67.11,80.1,0,No Failure,314.78999999999996
1013,59.6,260.0,1,Tool Wear Failure,360.37
2164,59.85,100.6,1,Power Failure,314.65
2169,39.23,92.6,1,Heat Dissipation Failure,349.9
1226,43.64,82.5,0,No Failure,335.09999999999997
1295,40.73,221.6,1,Tool Wear Failure,326.59999999999997
1437,23.92,16.7,0,No Failure,327.83
1978,65.6,136.6,1,Power Failure,332.71
1099,55.44,100.6,0,No Failure,335.85999999999996
862,40.17,29.6,0,No Failure,321.19
2309,63.26,65.9,1,Power Failure,330.10999999999996
1659,36.17,134.0,0,No Failure,323.13
1709,19.27,63.1,0,No Failure,317.34999999999997
1478,59.1,130.6,0,No Failure,322.52
1713,27.1,218.7,1,Tool Wear Failure,318.2
1020,42.26,125.2,0,No Failure,327.69
1256,47.89,27.8,0,No Failure,338.77
1587,50.4,64.2,0,No Failure,334.71999999999997
755,56.88,97.9,0,No Failure,358.82
1444,53.13,93.9,0,No Failure,308.15
1423,52.7,124.1,0,No Failure,339.25
1444,33.93,133.7,0,No Failure,333.22999999999996
1357,49.12,218.8,1,Tool Wear Failure,343.75
1201,23.92,114.8,0,No Failure,342.46
912,66.87,45.9,0,No Failure,331.01
1601,25.36,184.2,0,No Failure,335.39
1445,40.15,190.8,0,No Failure,323.47999999999996
1069,26.54,128.9,0,No Failure,341.13
1572,34.78,100.2,0,No Failure,308.71999999999997
1447,45.19,152.4,0,No Failure,343.25
1389,37.6,102.3,0,No Failure,332.84999999999997
795,61.02,0.0,0,No Failure,326.82
1789,48.18,148.8,0,No Failure,330.13
1118,38.52,168.5,0,No Failure,331.08
1572,43.13,201.5,1,Tool Wear Failure,350.01
1267,62.08,71.2,1,Heat Dissipation Failure,375.19
1414,57.72,128.6,0,No Failure,349.01
1953,29.06,129.9,0,No Failure,325.79999999999995
1736,35.47,120.1,0,No Failure,341.34
1946,51.65,121.9,0,No Failure,341.9
1666,49.95,117.2,0,No Failure,321.12
1689,30.29,127.7,0,No Failure,316.76
927,55.49,159.4,0,No Failure,332.33
1439,32.53,188.2,0,No Failure,343.65
1471,63.25,69.6,0,No Failure,312.2
1978,52.41,104.7,1,Power Failure,323.78
1373,29.15,89.6,0,No Failure,340.59
1643,37.59,81.1,0,No Failure,333.69
1629,37.35,18.0,0,No Failure,351.55999999999995
1955,47.24,116.5,0,No Failure,314.79999999999995
1503,42.14,143.8,1,Heat Dissipation Failure,363.72999999999996
1840,28.96,105.7,0,No Failure,313.15999999999997
953,25.48,114.5,0,No Failure,308.15
985,52.69,140.1,0,No Failure,332.38
751,49.01,199.7,0,No Failure,318.4
1825,46.48,89.8,0,No Failure,332.65
1786,48.79,44.7,0,No Failure,332.19
1864,36.34,109.6,0,No Failure,330.59999999999997
1313,47.58,228.0,1,Tool Wear Failure,322.2
1353,80.54,45.3,1,Tool Wear Failure,338.77
1508,61.44,154.0,0,No Failure,329.02
2055,40.96,184.5,1,Tool Wear Failure,347.5
2143,37.67,0.0,0,No Failure,330.80999999999995
1828,10.0,139.6,0,No Failure,320.60999999999996
1666,59.96,151.2,0,No Failure,311.21
2017,56.01,99.0,1,Power Failure,330.90999999999997
1460,37.39,76.2,0,No Failure,316.65
1413,24.96,79.6,0,No Failure,315.59999999999997
1505,28.83,95.3,0,No Failure,340.01
1207,51.22,96.9,0,No Failure,310.03999999999996
1489,43.75,85.6,0,No Failure,351.51
1159,54.68,94.3,0,No Failure,335.22999999999996
1909,46.21,186.4,0,No Failure,332.58
1740,58.53,42.1,0,No Failure,319.7
2050,50.17,10.1,1,Power Failure,343.09
980,56.6,187.4,0,No Failure,333.10999999999996
2216,15.74,103.5,0,No Failure,324.22999999999996
1000,27.72,91.7,0,No Failure,335.75
1131,39.9,108.3,0,No Failure,311.27
1333,60.11,127.6,0,No Failure,311.89
2008,71.33,83.6,1,Power Failure,318.59
1629,42.7,145.4,0,No Failure,337.69
1465,36.44,57.3,0,No Failure,333.10999999999996
1273,17.63,96.9,0,No Failure,346.78999999999996
1068,57.09,0.0,0,No Failure,321.19
1946,37.3,185.3,0,No Failure,340.62
1830,85.0,104.4,1,Power Failure,331.66999999999996
2023,34.65,155.2,0,No Failure,320.89
1689,74.47,143.6,1,Power Failure,338.15999999999997
625,55.48,148.0,0,No Failure,332.28999999999996
1114,30.6,114.5,0,No Failure,324.96999999999997
1713,48.25,138.3,0,No Failure,333.7
1421,55.8,57.3,0,No Failure,331.46999999999997
1354,41.85,44.7,0,No Failure,331.15
1164,56.73,108.9,0,No Failure,327.78999999999996
1882,56.42,74.2,0,No Failure,316.19
1710,53.35,200.5,1,Tool Wear Failure,334.12
1725,44.77,137.5,0,No Failure,322.71
1328,28.55,72.0,0,No Failure,319.89
1612,43.93,98.7,0,No Failure,330.02
1082,47.46,123.0,0,No Failure,342.69
1505,18.74,110.9,0,No Failure,335.55999999999995
665,47.37,131.3,0,No Failure,326.25
1001,43.64,119.1,0,No Failure,325.71999999999997
1437,26.85,31.6,0,No Failure,341.41999999999996
2381,40.34,0.0,1,Power Failure,308.15
920,40.63,92.6,0,No Failure,343.52
1115,72.02,148.6,0,No Failure,308.78999999999996
1626,48.08,93.3,0,No Failure,314.75
2169,59.5,189.2,1,Power Failure,326.46
1621,43.35,112.2,0,No Failure,361.35999999999996
1796,18.77,196.4,1,Tool Wear Failure,354.96
1432,54.41,184.1,0,No Failure,342.33
1371,35.79,178.1,0,No Failure,337.78999999999996
1579,40.3,42.8,0,No Failure,308.94
1320,30.26,116.0,0,No Failure,335.19
1803,46.02,188.4,0,No Failure,326.01
988,59.91,131.3,0,No Failure,322.53
1861,58.06,148.3,1,Power Failure,335.15999999999997
1564,67.21,31.7,1,Power Failure,327.03
1475,69.19,230.1,1,Tool Wear Failure,344.45
975,16.36,67.5,0,No Failure,308.15
1207,28.29,0.0,0,No Failure,334.13
1970,19.69,93.9,0,No Failure,321.71999999999997
1477,53.85,0.0,0,No Failure,327.82
1647,35.3,49.9,0,No Failure,337.10999999999996
1242,38.15,260.0,1,Tool Wear Failure,318.62
1540,41.97,92.2,0,No Failure,335.28999999999996
1070,50.36,29.3,0,No Failure,330.39
1585,24.21,116.5,0,No Failure,324.55999999999995
1680,27.38,61.1,0,No Failure,327.03
1662,45.02,166.9,0,No Failure,331.14
1234,61.78,61.6,0,No Failure,323.16999999999996
1430,44.64,131.2,0,No Failure,333.24
1738,33.92,46.2,0,No Failure,329.53
1476,14.93,260.0,1,Tool Wear Failure,325.2
1449,58.34,145.2,0,No Failure,353.82
2216,34.7,106.3,0,No Failure,338.54999999999995
1217,28.94,97.4,0,No Failure,328.16999999999996
1928,20.99,81.8,0,No Failure,335.04999999999995
1146,24.85,69.3,0,No Failure,319.79999999999995
1779,31.54,67.7,0,No Failure,327.46999999999997
1798,41.66,215.7,0,No Failure,328.99
1371,28.08,81.8,0,No Failure,316.94
1124,47.6,0.0,0,No Failure,338.19
860,41.55,45.0,0,No Failure,326.58
1335,76.11,170.7,1,Tool Wear Failure,328.53
1734,21.14,99.9,0,No Failure,325.76
1173,47.26,107.0,1,Heat Dissipation Failure,371.62
1584,47.44,185.2,0,No Failure,324.53999999999996
1033,30.57,68.4,0,No Failure,308.15
1468,46.33,152.9,0,No Failure,312.34999999999997
1149,55.77,74.9,0,No Failure,343.02
1523,46.35,149.6,0,No Failure,350.52
1375,64.38,91.5,0,No Failure,324.28999999999996
1133,14.51,100.5,0,No Failure,349.78
1319,33.21,164.2,0,No Failure,342.78999999999996
1223,65.65,159.9,0,No Failure,330.69
1090,57.77,105.1,0,No Failure,329.76
1929,52.57,86.7,1,Power Failure,335.5
1424,62.27,210.9,1,Tool Wear Failure,344.55999999999995
779,18.17,150.4,0,No Failure,338.30999999999995
1332,56.14,91.5,0,No Failure,324.34999999999997
1870,59.9,75.8,1,Power Failure,330.89
1284,35.78,176.5,1,Heat Dissipation Failure,358.90999999999997
2074,81.81,121.9,1,Power Failure,336.41999999999996
1250,47.75,105.2,0,No Failure,344.45
1726,14.3,121.9,0,No Failure,340.16999999999996
1913,50.34,135.3,0,No Failure,336.7
1708,34.92,111.6,0,No Failure,334.55999999999995
1069,61.31,187.2,0,No Failure,344.82
1220,52.67,190.6,0,No Failure,342.49
1960,36.63,146.9,0,No Failure,336.58
1268,66.03,197.5,0,No Failure,324.13
1891,58.15,115.5,1,Power Failure,338.15999999999997
1399,33.41,156.4,0,No Failure,332.28
1600,42.87,175.3,0,No Failure,329.14
1065,52.24,176.1,1,Heat Dissipation Failure,367.96999999999997
1337,39.9,170.0,0,No Failure,313.14
1244,40.32,152.9,0,No Failure,345.60999999999996
1629,45.51,232.4,1,Tool Wear Failure,321.94
1583,30.08,82.6,0,No Failure,334.85999999999996
1712,13.74,105.7,1,Heat Dissipation Failure,366.53999999999996
1378,48.35,102.1,0,No Failure,320.64
1224,17.16,92.9,0,No Failure,323.74
1614,31.1,0.0,0,No Failure,332.91999999999996
1190,20.2,197.5,1,Tool Wear Failure,322.14
1927,21.92,53.4,0,No Failure,344.64
1510,50.97,125.2,0,No Failure,326.2
1436,41.89,29.7,0,No Failure,341.65
1712,41.38,152.2,0,No Failure,315.87
1523,26.58,67.9,0,No Failure,309.65999999999997
970,35.82,46.8,0,No Failure,330.16999999999996
1178,50.27,126.7,0,No Failure,312.76
1920,44.27,73.0,0,No Failure,352.89
1579,56.52,80.6,0,No Failure,313.26
961,58.51,125.3,0,No Failure,319.65999999999997
1673,41.47,163.0,0,No Failure,338.53
1354,19.07,65.9,0,No Failure,325.53
1244,34.41,55.5,0,No Failure,313.40999999999997
1149,43.63,116.4,0,No Failure,359.66999999999996
1900,34.13,147.4,0,No Failure,320.13
862,30.24,202.8,0,No Failure,330.59999999999997
1257,45.98,50.7,0,No Failure,330.42999999999995
1592,79.02,95.9,1,Power Failure,342.38
2102,38.17,185.5,1,Tool Wear Failure,339.15999999999997
1744,44.96,233.4,1,Tool Wear Failure,322.4
1254,26.63,55.4,0,No Failure,328.90999999999997
2085,62.41,70.7,1,Power Failure,330.2
1076,57.25,137.9,0,No Failure,342.89
1643,56.28,80.3,0,No Failure,317.96
1721,64.04,69.4,1,Power Failure,359.39
1242,39.02,129.7,0,No Failure,323.28
1794,40.77,208.0,1,Tool Wear Failure,333.03999999999996
1370,68.94,36.4,0,No Failure,318.07
1793,53.86,204.9,1,Tool Wear Failure,316.27
906,13.93,80.5,0,No Failure,321.78
1667,51.37,135.7,0,No Failure,320.53
1406,36.86,210.5,0,No Failure,327.76
1952,57.57,134.5,1,Power Failure,320.41999999999996
1535,50.71,97.2,0,No Failure,342.19
1987,20.63,158.1,0,No Failure,322.96999999999997
1728,48.76,104.6,0,No Failure,321.53
1505,47.95,146.3,0,No Failure,328.03999999999996
1826,50.09,102.7,0,No Failure,346.05999999999995
1828,53.06,166.7,0,No Failure,335.94
1715,65.94,31.3,1,Power Failure,331.84999999999997
748,50.79,54.2,0,No Failure,314.52
1206,45.32,30.5,0,No Failure,318.28999999999996
2034,61.07,111.6,1,Power Failure,316.53
1110,76.4,23.2,0,No Failure,350.14
1859,57.81,73.5,1,Power Failure,340.04999999999995
1797,47.89,48.5,0,No Failure,321.95
1296,51.06,203.8,1,Tool Wear Failure,325.80999999999995
852,48.58,55.6,0,No Failure,322.41999999999996
1351,45.26,37.8,0,No Failure,321.63
2277,75.31,129.9,1,Power Failure,339.13
1248,34.51,216.2,1,Tool Wear Failure,329.40999999999997
1272,61.17,108.0,0,No Failure,360.21
1201,43.24,112.7,0,No Failure,349.4
1975,24.27,192.4,1,Tool Wear Failure,350.16999999999996
1465,42.36,167.7,0,No Failure,341.88
1331,37.35,140.5,0,No Failure,327.65999999999997
2045,53.09,80.1,1,Power Failure,340.91999999999996
1753,46.28,142.4,0,No Failure,328.62
1228,30.69,33.4,0,No Failure,354.34
1122,65.59,77.6,0,No Failure,338.40999999999997
1955,60.26,200.9,1,Power Failure,336.55999999999995
1556,67.2,193.1,1,Tool Wear Failure,334.79999999999995
1008,48.32,141.2,0,No Failure,355.77
926,44.5,0.0,0,No Failure,314.51
1159,54.85,42.5,0,No Failure,357.04999999999995
1116,36.92,74.2,0,No Failure,330.72999999999996
834,46.82,104.7,0,No Failure,314.87
1165,42.54,40.0,0,No Failure,323.37
1228,24.55,100.2,0,No Failure,311.69
1388,46.78,221.0,0,No Failure,341.65
2143,38.83,139.1,0,No Failure,319.65
1457,41.6,128.1,0,No Failure,335.34
1491,50.09,53.9,0,No Failure,347.89
1728,62.82,16.7,1,Power Failure,324.40999999999997
1467,33.12,41.3,0,No Failure,329.65999999999997
1690,40.29,14.2,0,No Failure,316.21
1648,34.29,119.5,0,No Failure,328.09999999999997
1593,33.38,138.0,1,Heat Dissipation Failure,366.60999999999996
2518,36.68,57.1,1,Power Failure,343.26
1869,42.25,123.9,0,No Failure,329.71
1171,53.2,203.1,0,No Failure,325.2
1680,49.49,232.5,1,Tool Wear Failure,332.59999999999997
1273,30.2,161.2,0,No Failure,334.84
1706,63.12,104.5,1,Power Failure,327.7
1069,58.22,159.3,0,No Failure,340.03999999999996
1162,32.38,196.1,0,No Failure,320.76
1670,62.14,0.0,0,No Failure,320.69
1899,49.58,203.9,1,Tool Wear Failure,337.96
1726,42.81,82.3,0,No Failure,317.96
1849,50.01,82.9,0,No Failure,342.63
1681,44.64,93.7,0,No Failure,332.96
1610,52.63,134.2,0,No Failure,309.39
1374,47.62,48.3,0,No Failure,334.57
1835,40.28,97.9,0,No Failure,311.24
1909,16.64,146.5,0,No Failure,342.15999999999997
1528,52.38,128.1,0,No Failure,329.91999999999996
1509,39.77,137.8,0,No Failure,357.21
2107,55.89,95.6,1,Power Failure,347.08
1543,51.74,156.6,0,No Failure,319.35999999999996
1576,40.13,178.4,0,No Failure,308.15
1719,59.32,174.8,1,Power Failure,323.33
1516,47.87,140.7,0,No Failure,317.27
1263,47.29,171.3,1,Heat Dissipation Failure,356.88
1682,43.07,167.3,0,No Failure,333.02
1536,68.57,260.0,1,Tool Wear Failure,345.28
2195,35.01,188.1,1,Heat Dissipation Failure,329.44
1826,40.48,109.7,0,No Failure,330.80999999999995
1342,27.68,60.3,0,No Failure,332.72999999999996
1805,55.17,99.3,0,No Failure,347.53999999999996
1658,36.85,95.1,0,No Failure,337.2
2008,38.42,145.7,0,No Failure,319.4
1366,37.76,73.0,0,No Failure,354.24
1616,45.88,186.5,0,No Failure,329.34
1515,27.49,31.6,0,No Failure,327.22999999999996
1570,13.59,17.0,0,No Failure,308.15
1240,51.41,106.9,0,No Failure,341.4
1752,15.41,64.4,0,No Failure,334.46
1696,56.96,39.5,0,No Failure,334.45
2000,66.82,76.8,1,Power Failure,327.90999999999997
1546,42.7,69.3,0,No Failure,325.66999999999996
1406,63.19,115.6,0,No Failure,328.34999999999997
1826,44.66,77.8,0,No Failure,339.16999999999996
1272,67.39,82.7,0,No Failure,341.46
1930,38.61,114.7,0,No Failure,330.15
1929,11.89,175.9,0,No Failure,345.49
1990,43.88,203.2,1,Tool Wear Failure,332.12
1682,68.91,123.9,1,Power Failure,326.59999999999997
1380,52.49,128.5,0,No Failure,335.72999999999996
1588,37.79,104.0,0,No Failure,315.47999999999996
1683,49.6,143.9,0,No Failure,336.17999999999995
1354,58.6,138.4,0,No Failure,313.09999999999997
2017,43.8,194.6,1,Tool Wear Failure,319.78999999999996
1753,81.77,1.7,1,Power Failure,308.15
1238,37.76,100.9,0,No Failure,330.87
2209,59.04,135.4,1,Power Failure,354.08
1584,55.67,113.4,0,No Failure,331.63
1167,35.2,58.6,0,No Failure,341.52
1259,39.06,37.0,1,Heat Dissipation Failure,363.72999999999996
2071,59.25,163.4,1,Power Failure,338.4
2189,47.03,69.6,1,Power Failure,323.2
1903,49.73,9.7,0,No Failure,324.99
2012,22.1,166.4,0,No Failure,333.15999999999997
1976,54.18,142.5,0,No Failure,324.91999999999996
1745,49.02,108.0,0,No Failure,325.89
1665,44.11,60.1,0,No Failure,345.96
1739,50.05,108.2,0,No Failure,346.49
1808,39.27,187.9,0,No Failure,311.74
1290,36.71,18.1,0,No Failure,322.51
1806,41.61,21.2,0,No Failure,327.12
2061,38.5,77.3,0,No Failure,340.94
1478,75.53,113.4,1,Tool Wear Failure,348.01
1440,57.77,85.2,1,Heat Dissipation Failure,368.28
1717,31.44,153.6,0,No Failure,327.09999999999997
1323,73.51,180.3,1,Tool Wear Failure,327.75
1089,38.94,131.7,0,No Failure,340.79999999999995
1952,45.41,148.6,0,No Failure,324.28
1392,57.56,131.3,0,No Failure,331.32
1556,17.42,115.6,0,No Failure,327.75
1336,41.68,37.4,0,No Failure,308.15
1997,36.97,53.3,0,No Failure,334.75
1849,47.87,33.9,0,No Failure,330.78
1466,50.18,106.1,0,No Failure,349.67999999999995
1137,43.92,128.9,0,No Failure,333.21999999999997
1429,43.27,28.0,0,No Failure,316.84
1750,59.91,119.4,0,No Failure,329.78999999999996
1616,49.22,62.5,0,No Failure,308.15
1588,45.58,50.8,0,No Failure,317.40999999999997
1624,47.07,77.5,0,No Failure,341.40999999999997
1816,70.7,47.8,1,Power Failure,329.92999999999995
1535,47.42,151.4,0,No Failure,345.14
1708,37.8,104.9,0,No Failure,308.15
1205,18.27,163.9,0,No Failure,330.0
2444,24.92,88.4,1,Power Failure,326.96999999999997
1451,38.46,90.7,0,No Failure,345.58
1621,43.48,227.4,1,Tool Wear Failure,341.9
1748,37.22,17.6,0,No Failure,341.5
1406,49.92,192.1,1,Tool Wear Failure,353.19
1553,37.04,214.3,0,No Failure,328.35999999999996
1548,32.2,160.9,0,No Failure,350.51
1230,53.58,95.2,0,No Failure,319.58
1704,64.17,200.6,1,Tool Wear Failure,319.09999999999997
973,29.5,95.7,0,No Failure,342.94
2163,48.41,72.7,1,Power Failure,313.59
1828,18.33,91.7,0,No Failure,340.59999999999997
1774,24.36,80.8,0,No Failure,334.46999999999997
942,36.76,58.2,0,No Failure,347.08
1273,60.89,181.6,1,Tool Wear Failure,332.38
2036,34.1,68.6,0,No Failure,333.88
2600,33.57,113.2,1,Power Failure,339.77
1968,45.51,28.4,0,No Failure,324.53999999999996
1913,45.52,116.8,0,No Failure,323.96999999999997
1734,34.01,45.6,0,No Failure,339.32
1253,72.81,44.2,0,No Failure,332.77
1898,41.28,108.4,0,No Failure,327.84999999999997
1165,46.59,178.4,0,No Failure,332.07
1126,39.38,141.4,0,No Failure,353.88
1104,51.16,145.5,0,No Failure,327.39
1892,62.29,107.2,1,Power Failure,327.01
1530,68.29,94.9,1,Power Failure,310.95
1585,34.33,162.5,0,No Failure,332.59999999999997
1545,60.41,81.2,0,No Failure,341.69
1156,52.7,165.1,0,No Failure,344.02
1315,58.64,189.2,1,Tool Wear Failure,334.55999999999995
1333,43.71,64.5,0,No Failure,345.58
1058,42.38,73.3,0,No Failure,342.65999999999997
1374,58.1,82.3,0,No Failure,347.62
1172,58.37,27.0,0,No Failure,345.95
1752,66.92,86.8,1,Power Failure,353.55999999999995
1781,47.78,193.1,1,Tool Wear Failure,330.94
1097,43.5,52.3,0,No Failure,315.9
1446,10.56,194.5,1,Tool Wear Failure,341.78
2200,22.44,89.0,1,Heat Dissipation Failure,343.29999999999995
1207,39.48,241.8,1,Tool Wear Failure,353.55999999999995
1699,29.59,74.1,0,No Failure,349.80999999999995
1587,56.4,106.4,0,No Failure,358.44
1933,26.66,60.4,0,No Failure,341.21
1653,37.98,73.7,0,No Failure,336.12
1399,38.53,195.3,0,No Failure,315.15
1573,61.87,143.5,0,No Failure,337.15999999999997
1578,36.48,176.7,0,No Failure,325.96999999999997
1518,51.33,36.1,0,No Failure,335.9
1088,47.74,154.3,0,No Failure,333.85999999999996
1985,57.65,56.7,1,Power Failure,339.28
1923,56.9,34.8,1,Power Failure,331.88
1185,44.53,129.3,0,No Failure,345.30999999999995
1445,21.25,128.7,0,No Failure,308.15
1471,41.76,118.2,0,No Failure,335.62
1145,44.72,158.1,0,No Failure,348.78
897,49.0,167.4,0,No Failure,357.46
1315,34.67,203.2,0,No Failure,342.66999999999996
1425,60.97,43.6,1,Heat Dissipation Failure,355.04999999999995
1046,45.19,205.1,0,No Failure,335.34999999999997
1612,32.11,227.9,1,Tool Wear Failure,333.19
1957,38.58,93.0,0,No Failure,340.03
1845,72.0,14.9,1,Power Failure,333.10999999999996
1506,54.3,32.0,0,No Failure,322.97999999999996
906,59.68,87.3,0,No Failure,326.45
1800,30.42,235.8,1,Tool Wear Failure,318.69
1601,35.36,116.0,0,No Failure,340.02
1699,35.46,78.0,0,No Failure,333.29999999999995
2228,47.58,73.9,1,Power Failure,328.46999999999997
1261,42.56,35.6,0,No Failure,325.78
600,38.15,167.5,0,No Failure,339.71999999999997
1181,39.9,109.5,0,No Failure,343.29999999999995
1720,33.88,241.0,1,Tool Wear Failure,318.45
1559,42.48,152.7,0,No Failure,316.40999999999997
1125,60.59,164.8,0,No Failure,345.55999999999995
1053,23.82,100.5,0,No Failure,315.27
1426,49.85,49.5,0,No Failure,340.27
1114,64.32,62.6,0,No Failure,354.16999999999996
1732,42.44,32.8,0,No Failure,354.2
1406,37.6,169.6,0,No Failure,342.74
1331,57.94,91.9,0,No Failure,342.35999999999996
1285,31.22,172.2,1,Heat Dissipation Failure,362.41999999999996
1642,44.68,123.2,0,No Failure,308.15
1565,30.44,97.4,0,No Failure,327.10999999999996
1621,18.82,44.8,0,No Failure,344.17999999999995
1613,42.87,133.1,0,No Failure,328.77
1525,27.31,101.9,0,No Failure,349.27
1188,44.84,169.1,0,No Failure,332.64
1294,60.61,72.1,0,No Failure,334.85999999999996
1412,70.96,152.0,1,Tool Wear Failure,329.58
2273,46.31,213.5,1,Power Failure,326.35999999999996
1078,59.27,131.4,0,No Failure,326.03999999999996
1403,50.59,162.1,0,No Failure,336.67999999999995
1584,39.64,149.3,0,No Failure,323.08
1444,18.05,228.9,1,Tool Wear Failure,345.53999999999996
1926,67.77,137.3,1,Power Failure,341.64
1442,30.31,157.0,0,No Failure,347.44
1468,64.36,112.8,0,No Failure,318.46999999999997
1835,52.52,68.5,0,No Failure,311.05999999999995
2184,31.34,42.5,0,No Failure,333.09999999999997
2043,49.37,191.0,1,Heat Dissipation Failure,370.83
1502,74.86,54.5,1,Power Failure,349.60999999999996
1533,66.5,159.8,1,Power Failure,325.94
1566,37.82,140.0,0,No Failure,338.66999999999996
1601,35.03,170.1,0,No Failure,342.60999999999996
1253,46.4,84.1,0,No Failure,315.35999999999996
1878,42.68,67.6,0,No Failure,350.96
1622,61.8,137.7,0,No Failure,330.96999999999997
1534,55.35,97.5,0,No Failure,331.96999999999997
1105,21.31,41.1,0,No Failure,333.46
1572,51.42,231.3,1,Tool Wear Failure,348.03
887,42.49,67.5,0,No Failure,323.33
1346,45.52,55.4,0,No Failure,310.96
1353,48.49,100.5,0,No Failure,337.34999999999997
1650,61.78,190.2,1,Tool Wear Failure,308.15
2208,58.69,0.0,1,Power Failure,329.24
1750,34.5,185.2,1,Tool Wear Failure,348.58
2057,44.18,60.3,0,No Failure,340.67999999999995
1776,38.72,130.9,0,No Failure,346.7
1944,21.45,74.4,0,No Failure,341.21
2200,43.47,234.5,1,Heat Dissipation Failure,364.47999999999996
1294,70.83,122.5,0,No Failure,325.5
1271,21.03,72.5,0,No Failure,338.33
1784,44.66,96.9,0,No Failure,327.45
1549,44.21,120.4,0,No Failure,345.59
1627,49.03,125.7,0,No Failure,332.34999999999997
1463,31.52,141.3,0,No Failure,355.49
1341,25.05,114.9,0,No Failure,326.25
2117,25.7,32.4,1,Heat Dissipation Failure,351.44
1165,63.63,94.6,0,No Failure,340.85999999999996
1790,31.24,151.4,0,No Failure,332.72999999999996
1733,38.01,74.8,0,No Failure,340.2
997,74.46,155.4,0,No Failure,336.54999999999995
1259,34.72,116.9,0,No Failure,337.78
1318,49.79,101.9,0,No Failure,330.46
1748,59.89,186.6,1,Power Failure,324.03
1422,59.22,10.7,0,No Failure,328.78999999999996
1520,26.36,74.5,0,No Failure,311.27
1040,35.01,188.9,0,No Failure,344.09999999999997
2364,49.23,224.8,1,Power Failure,317.09
1575,72.01,252.2,1,Tool Wear Failure,330.32
1725,34.34,118.0,0,No Failure,341.57
1361,38.09,142.5,0,No Failure,344.05999999999995
1322,50.87,164.0,0,No Failure,310.08
2219,53.68,191.5,1,Power Failure,331.96
879,54.52,133.8,0,No Failure,339.13
1648,33.15,170.6,0,No Failure,333.83
1126,37.55,142.6,0,No Failure,350.62
1408,48.02,146.3,0,No Failure,322.46999999999997
1327,62.67,59.9,0,No Failure,308.15
1205,41.66,95.2,0,No Failure,343.67999999999995
1562,44.69,83.6,0,No Failure,326.16999999999996
651,30.64,43.7,0,No Failure,310.28999999999996
1440,71.09,15.9,1,Power Failure,331.09
1518,47.16,89.6,0,No Failure,349.15
1074,60.09,99.2,0,No Failure,316.72999999999996
2080,45.42,121.3,1,Heat Dissipation Failure,363.52
1342,46.19,148.3,0,No Failure,322.26
1467,24.0,126.3,0,No Failure,334.28
1343,14.89,99.6,0,No Failure,317.29999999999995
1521,62.53,60.1,0,No Failure,333.69
2008,46.09,167.6,1,Tool Wear Failure,331.40999999999997
2416,47.89,108.9,1,Power Failure,313.78999999999996
1811,27.51,89.0,1,Heat Dissipation Failure,369.89
1931,32.36,103.8,0,No Failure,326.71
2151,59.87,71.0,1,Power Failure,326.71999999999997
1637,69.36,83.2,1,Power Failure,345.75
2100,36.3,81.3,1,Heat Dissipation Failure,356.74
1827,54.4,97.8,0,No Failure,347.78999999999996
1600,47.66,154.3,0,No Failure,317.53
1673,43.31,139.4,0,No Failure,335.92999999999995
913,70.93,207.8,1,Tool Wear Failure,308.69
1652,38.66,187.7,0,No Failure,344.87
1010,62.37,232.4,1,Tool Wear Failure,311.89
981,50.34,148.5,0,No Failure,322.71
1618,44.76,147.6,0,No Failure,333.10999999999996
1160,64.21,85.8,0,No Failure,338.94
1548,49.06,164.6,0,No Failure,329.76
1598,43.65,75.6,0,No Failure,352.9
1614,64.31,26.8,0,No Failure,342.54999999999995
1234,62.49,206.6,1,Tool Wear Failure,341.53
1865,61.83,40.0,1,Power Failure,317.16999999999996
1519,10.0,141.3,0,No Failure,355.24
1704,51.16,62.2,0,No Failure,322.71
1131,47.97,182.6,1,Tool Wear Failure,355.74
1488,44.51,190.8,1,Heat Dissipation Failure,359.44
1934,53.54,146.8,0,No Failure,339.80999999999995
1890,48.65,189.8,1,Tool Wear Failure,346.57
1271,54.49,115.4,0,No Failure,308.15
1359,41.25,249.1,1,Tool Wear Failure,330.60999999999996
1204,65.97,159.8,0,No Failure,347.47999999999996
1320,55.91,61.0,0,No Failure,345.16999999999996
1060,52.6,119.2,0,No Failure,317.28999999999996
1502,51.91,105.8,0,No Failure,329.33
1772,61.2,100.0,1,Power Failure,308.15
1275,59.3,15.6,0,No Failure,338.52
1518,43.42,138.2,0,No Failure,308.66999999999996
1473,58.86,31.9,0,No Failure,347.84999999999997
1919,47.44,0.0,0,No Failure,348.53
1336,71.84,94.4,0,No Failure,326.97999999999996
1349,60.37,69.6,0,No Failure,339.92999999999995
1254,36.24,63.3,0,No Failure,330.33
1152,77.63,0.0,0,No Failure,336.28999999999996
1735,15.57,63.9,0,No Failure,318.24
1503,53.92,104.6,0,No Failure,341.24
1569,35.25,77.0,0,No Failure,311.80999999999995
1996,71.35,138.2,1,Power Failure,309.35999999999996
2016,48.54,198.6,1,Tool Wear Failure,331.55999999999995
974,33.89,146.0,0,No Failure,330.4
1777,41.27,176.6,0,No Failure,336.69
1629,35.0,181.5,0,No Failure,324.71
1388,40.72,53.9,1,Heat Dissipation Failure,357.65999999999997
1665,40.4,141.3,0,No Failure,335.24
946,34.48,174.7,0,No Failure,336.17999999999995
2062,48.78,88.8,1,Power Failure,335.71
1730,50.48,67.6,0,No Failure,346.19
1247,31.05,146.8,0,No Failure,340.64
1345,21.78,26.1,0,No Failure,338.9
954,49.35,49.7,0,No Failure,342.71999999999997
1440,52.45,75.0,0,No Failure,309.42999999999995
1381,55.22,142.0,0,No Failure,309.91999999999996
1086,52.72,128.1,0,No Failure,332.15999999999997
1822,67.02,176.9,1,Power Failure,330.58
1997,58.96,59.7,1,Power Failure,340.69
1540,82.52,56.5,1,Power Failure,333.40999999999997
1443,85.0,146.4,1,Power Failure,340.71
1702,20.39,67.1,0,No Failure,316.96
1543,14.24,78.8,0,No Failure,333.01
1171,44.9,3.6,0,No Failure,315.71999999999997
1322,52.06,132.5,0,No Failure,338.17999999999995
1446,43.94,207.5,0,No Failure,308.72999999999996
1637,54.85,53.2,0,No Failure,337.67999999999995
1553,41.22,176.3,0,No Failure,314.04999999999995
1624,35.28,111.4,0,No Failure,328.15999999999997
1016,37.4,9.1,0,No Failure,344.78
1783,42.2,61.3,0,No Failure,336.10999999999996
1551,56.81,57.6,0,No Failure,311.76
2443,38.19,96.0,1,Power Failure,324.40999999999997
1414,40.95,140.2,0,No Failure,313.63
1663,52.98,225.9,1,Tool Wear Failure,311.12
2540,42.22,29.1,1,Power Failure,334.67999999999995
1618,60.63,85.9,0,No Failure,340.42999999999995
1526,32.13,61.2,0,No Failure,338.88
1205,29.09,38.9,0,No Failure,340.97999999999996
2085,49.26,120.7,1,Power Failure,333.0
1144,50.66,115.1,0,No Failure,329.59999999999997
1699,32.89,6.2,0,No Failure,319.2
1384,63.81,116.1,0,No Failure,327.42999999999995
1484,71.95,42.7,1,Power Failure,315.96999999999997
1052,36.21,115.7,0,No Failure,322.15999999999997
2020,65.82,191.2,1,Power Failure,334.30999999999995
1453,11.65,142.8,0,No Failure,331.62
1125,60.07,125.7,1,Heat Dissipation Failure,372.99
1988,32.99,83.3,0,No Failure,315.65
1374,58.67,119.0,0,No Failure,331.52
1667,31.54,148.8,0,No Failure,314.64
1844,44.04,142.8,0,No Failure,328.10999999999996
1716,33.66,109.0,0,No Failure,328.64
781,42.01,128.0,0,No Failure,344.13
1793,70.62,36.0,1,Power Failure,327.29999999999995
1515,43.49,70.9,0,No Failure,330.65999999999997
1435,74.54,157.5,1,Tool Wear Failure,327.55999999999995
1512,39.6,165.5,0,No Failure,314.94
986,65.88,120.6,0,No Failure,324.66999999999996
1617,22.24,203.7,0,No Failure,328.17999999999995
1072,40.99,145.5,0,No Failure,334.10999999999996
1450,37.49,101.0,0,No Failure,340.41999999999996
1605,66.53,41.8,1,Power Failure,330.09999999999997
1926,47.59,201.3,0,No Failure,329.87
1263,15.77,161.2,0,No Failure,310.78
2058,26.66,222.9,1,Tool Wear Failure,340.16999999999996
1881,30.82,245.0,1,Tool Wear Failure,324.09999999999997
1400,58.08,37.8,0,No Failure,342.85999999999996
1162,56.27,37.9,0,No Failure,350.26
1045,40.79,0.0,0,No Failure,330.71
1645,37.32,170.1,0,No Failure,319.84999999999997
1292,55.03,154.4,0,No Failure,332.92999999999995
1970,29.19,120.9,0,No Failure,337.67999999999995
1312,51.41,41.4,0,No Failure,329.04999999999995
1235,50.22,109.7,0,No Failure,325.82
1632,41.16,126.1,0,No Failure,340.47999999999996
1310,50.57,162.0,0,No Failure,339.62
1553,46.43,131.4,0,No Failure,328.65
1895,51.96,154.8,0,No Failure,311.65
1591,26.32,107.6,0,No Failure,339.08
1592,53.6,185.9,0,No Failure,323.16999999999996
1622,59.37,152.9,0,No Failure,335.94
957,49.49,43.8,0,No Failure,335.12
1687,53.42,198.4,0,No Failure,308.59
1606,43.46,188.5,0,No Failure,334.2
1863,57.48,142.9,1,Power Failure,339.84
1762,45.91,131.8,0,No Failure,341.42999999999995
1479,28.93,214.5,1,Tool Wear Failure,334.67999999999995
1911,56.48,17.0,1,Power Failure,308.15
1448,22.12,189.5,1,Tool Wear Failure,349.75
1637,48.96,86.4,0,No Failure,338.49
1441,39.62,180.7,0,No Failure,317.51
1712,38.73,122.2,0,No Failure,322.90999999999997
1418,47.41,40.4,0,No Failure,336.15999999999997
2127,35.07,85.2,0,No Failure,341.99
2256,52.17,176.3,1,Power Failure,326.80999999999995
1856,45.8,102.4,0,No Failure,343.88
2089,36.36,77.7,0,No Failure,309.84
1011,63.73,77.3,0,No Failure,319.59999999999997
1053,47.87,153.5,0,No Failure,308.15
1437,53.83,220.0,1,Tool Wear Failure,321.47999999999996
1564,64.83,0.0,1,Power Failure,352.76
1481,64.6,260.0,1,Tool Wear Failure,359.9
975,53.12,127.2,0,No Failure,336.2
1953,40.76,149.8,0,No Failure,324.84999999999997
2304,24.98,88.8,1,Heat Dissipation Failure,330.27
1998,47.89,114.8,0,No Failure,339.29999999999995
1930,60.32,126.6,1,Power Failure,312.83
1629,49.96,52.1,0,No Failure,325.71
1255,10.0,66.7,0,No Failure,351.79999999999995
1575,57.18,186.1,1,Tool Wear Failure,319.55999999999995
2287,58.04,21.9,1,Power Failure,323.40999999999997
1427,40.78,141.5,0,No Failure,333.32
1391,58.84,92.8,0,No Failure,336.83
1938,53.79,57.4,0,No Failure,325.02
1961,35.4,233.3,1,Tool Wear Failure,334.15
1253,62.8,57.7,0,No Failure,341.04999999999995
1458,27.26,47.2,0,No Failure,358.65
1374,44.2,103.8,0,No Failure,331.51
1574,42.8,68.9,0,No Failure,332.60999999999996
1936,33.44,115.4,0,No Failure,353.01
1269,49.25,124.3,0,No Failure,326.01
1931,63.35,129.1,1,Power Failure,315.92999999999995
1586,62.47,107.6,0,No Failure,336.4
2364,55.13,72.9,1,Power Failure,347.14
1662,21.26,153.6,0,No Failure,337.84
1516,26.3,108.3,0,No Failure,331.89
1751,47.33,85.3,0,No Failure,314.32
1432,44.52,203.8,0,No Failure,332.39
922,38.03,107.7,0,No Failure,349.17999999999995
1466,71.67,180.5,1,Tool Wear Failure,317.10999999999996
1460,46.48,188.6,0,No Failure,329.96999999999997
993,52.59,192.3,0,No Failure,328.10999999999996
1524,58.83,156.5,0,No Failure,324.08
827,45.77,115.0,0,No Failure,336.37
1428,81.27,111.2,1,Power Failure,338.90999999999997
1635,31.83,100.4,0,No Failure,338.78
1584,36.51,0.0,0,No Failure,320.45
1406,31.8,158.1,0,No Failure,311.75
1520,66.88,129.7,1,Power Failure,336.55999999999995
1276,56.23,164.5,0,No Failure,326.57
1554,37.38,108.0,0,No Failure,357.04999999999995
1570,32.91,154.9,1,Heat Dissipation Failure,357.65
1235,64.39,32.3,1,Heat Dissipation Failure,359.03
1644,50.06,44.8,0,No Failure,320.92999999999995
1642,64.75,0.0,1,Power Failure,340.54999999999995
1492,44.16,106.9,0,No Failure,344.46999999999997
2397,52.16,68.6,1,Power Failure,343.01
1501,49.2,60.8,0,No Failure,328.53999999999996
1452,36.26,135.1,0,No Failure,349.78
1402,42.98,89.5,0,No Failure,333.15999999999997
1210,28.42,29.0,0,No Failure,334.82
1790,51.92,260.0,1,Tool Wear Failure,313.15999999999997
1310,55.66,112.8,0,No Failure,341.53
1351,58.86,50.0,0,No Failure,329.76
1362,54.33,74.8,0,No Failure,339.19
1205,43.21,104.6,0,No Failure,336.21
937,66.73,104.5,0,No Failure,335.5
1388,57.49,193.1,0,No Failure,332.55999999999995
1856,64.44,110.2,1,Power Failure,343.38
1619,65.32,226.3,1,Tool Wear Failure,330.55999999999995
2096,43.24,89.1,1,Heat Dissipation Failure,314.22999999999996
1813,50.43,140.6,0,No Failure,340.54999999999995
1733,55.84,176.3,1,Tool Wear Failure,322.63
2209,28.91,186.7,1,Tool Wear Failure,315.92999999999995
1516,29.22,193.7,1,Tool Wear Failure,319.85999999999996
1572,26.81,98.7,0,No Failure,336.83
1546,43.49,114.7,0,No Failure,331.9
2090,40.33,0.0,0,No Failure,308.15
1551,24.9,103.2,0,No Failure,328.15999999999997
1323,47.09,180.5,0,No Failure,348.34999999999997
1756,43.66,168.8,0,No Failure,327.28
1264,61.55,109.8,0,No Failure,331.0
1737,73.18,216.9,1,Power Failure,346.71
1695,51.39,92.0,0,No Failure,343.49
1484,35.25,72.0,0,No Failure,346.42999999999995
1748,54.05,86.9,0,No Failure,308.15
1029,45.13,47.7,0,No Failure,355.69
1607,41.64,152.3,0,No Failure,341.41999999999996
1388,32.94,132.3,1,Heat Dissipation Failure,365.15
2552,38.5,151.6,1,Power Failure,322.97999999999996
1605,42.51,90.1,0,No Failure,310.22999999999996
1341,56.26,111.5,0,No Failure,333.24
1068,52.15,0.0,0,No Failure,329.57
2007,70.56,137.6,1,Power Failure,341.65
1427,54.44,120.9,0,No Failure,347.12
1273,50.94,49.0,0,No Failure,332.02
1668,40.71,108.7,0,No Failure,330.02
1777,30.48,99.5,0,No Failure,339.95
1772,37.02,220.9,0,No Failure,329.82
1557,35.2,51.3,0,No Failure,328.72999999999996
1606,10.0,134.9,0,No Failure,346.63
1631,30.88,49.6,0,No Failure,349.53
1668,67.43,81.5,1,Power Failure,347.24
1699,50.16,131.6,0,No Failure,330.96
1933,39.73,102.3,0,No Failure,308.15
1570,50.58,114.6,0,No Failure,331.21999999999997
1264,17.65,135.0,0,No Failure,323.29999999999995
1499,48.95,85.4,0,No Failure,331.46
1814,62.88,168.0,1,Power Failure,324.42999999999995
925,43.3,96.7,0,No Failure,332.88
927,20.19,109.1,0,No Failure,319.64
1871,39.2,136.7,0,No Failure,316.5
2082,62.91,128.6,1,Power Failure,349.03999999999996
1107,48.62,153.7,0,No Failure,320.53999999999996
1585,25.14,134.0,0,No Failure,333.15
1410,78.15,143.1,1,Power Failure,345.55999999999995
1459,27.45,95.5,0,No Failure,345.03999999999996
1657,41.6,50.9,0,No Failure,343.47999999999996
1097,30.48,29.3,0,No Failure,337.09
1162,30.5,14.8,0,No Failure,342.55999999999995
1445,38.67,220.8,1,Tool Wear Failure,351.0
1499,53.91,0.0,0,No Failure,338.67999999999995
1156,63.07,186.6,0,No Failure,309.27
1826,39.59,65.7,0,No Failure,326.28
1404,30.86,186.2,0,No Failure,342.2
1402,51.7,0.0,0,No Failure,325.0
1649,52.11,100.9,0,No Failure,354.21
1505,48.37,202.2,0,No Failure,332.33
1843,48.86,157.8,0,No Failure,334.26
1223,43.42,94.8,0,No Failure,347.77
1061,46.37,0.0,0,No Failure,330.77
1442,42.46,35.7,0,No Failure,335.44
1571,59.98,198.3,1,Tool Wear Failure,344.84
1116,76.2,94.1,0,No Failure,314.01
1064,47.52,110.7,0,No Failure,329.44
1614,44.91,132.0,0,No Failure,343.92999999999995
1285,48.58,36.8,0,No Failure,334.0
1042,35.79,139.4,0,No Failure,352.22999999999996
1888,55.71,89.8,0,No Failure,312.65999999999997
1329,51.18,132.6,0,No Failure,311.17999999999995
1952,39.11,80.3,0,No Failure,343.15999999999997
1560,57.63,20.6,0,No Failure,344.40999999999997
1653,45.27,89.4,0,No Failure,330.64
1476,31.42,153.4,0,No Failure,338.35999999999996
621,49.92,138.6,0,No Failure,342.84
1152,48.32,116.9,0,No Failure,322.57
1506,58.45,168.9,0,No Failure,323.96
1678,56.64,102.8,0,No Failure,335.62
924,43.47,118.4,0,No Failure,344.9
1531,38.39,86.2,0,No Failure,317.99
1157,45.02,172.4,0,No Failure,330.58
1632,50.09,132.5,0,No Failure,329.96999999999997
1543,51.77,81.6,0,No Failure,338.58
1810,49.22,25.7,0,No Failure,333.03999999999996
1923,43.73,181.3,0,No Failure,326.04999999999995
1711,58.96,70.4,0,No Failure,349.38
1851,35.56,119.3,0,No Failure,326.14
1427,79.71,256.2,1,Tool Wear Failure,329.34999999999997
2538,55.68,163.1,1,Power Failure,312.46
1123,29.22,211.7,1,Tool Wear Failure,323.87
1365,47.59,82.7,0,No Failure,339.85999999999996
1865,55.82,179.3,1,Power Failure,337.32
1813,40.11,116.6,0,No Failure,340.94
1721,24.07,137.0,0,No Failure,340.30999999999995
1786,30.45,236.3,1,Tool Wear Failure,360.28999999999996
821,52.59,98.3,0,No Failure,323.42999999999995
2106,20.44,116.2,0,No Failure,312.09999999999997
1479,24.71,60.8,0,No Failure,319.49
1986,52.52,168.3,1,Power Failure,324.0
838,41.88,81.4,0,No Failure,320.47999999999996
1640,35.26,176.4,0,No Failure,334.37
1353,38.07,16.0,0,No Failure,349.42999999999995
1750,24.41,147.9,0,No Failure,353.16999999999996
1661,51.78,76.4,0,No Failure,339.71
1678,33.71,158.8,1,Heat Dissipation Failure,360.99
1179,37.5,114.2,0,No Failure,328.52
1530,49.85,82.9,0,No Failure,311.92999999999995
1487,41.41,91.8,0,No Failure,346.84
1723,35.13,64.0,0,No Failure,309.25
1896,17.15,165.3,0,No Failure,323.33
1603,50.14,52.1,0,No Failure,339.90999999999997
1103,46.11,99.0,0,No Failure,331.82
1588,37.76,135.7,0,No Failure,330.66999999999996
2464,30.48,211.8,1,Heat Dissipation Failure,317.79999999999995
2126,45.18,114.4,0,No Failure,333.01
600,51.73,100.4,0,No Failure,346.2
1572,46.37,131.4,0,No Failure,333.40999999999997
1876,67.93,0.0,1,Power Failure,322.35999999999996
1486,54.87,43.1,0,No Failure,316.92999999999995
1389,43.5,92.5,0,No Failure,322.63
1457,55.34,72.2,0,No Failure,338.25
1743,45.68,19.0,0,No Failure,337.62
1148,45.63,166.5,0,No Failure,322.74
1966,63.15,130.6,1,Power Failure,308.15
1530,32.43,123.4,0,No Failure,338.60999999999996
1223,45.33,73.4,0,No Failure,321.47999999999996
1944,61.66,119.8,1,Power Failure,342.10999999999996
1009,49.33,145.9,0,No Failure,323.32
1356,39.83,99.1,0,No Failure,320.30999999999995
1350,21.11,141.7,0,No Failure,335.14
2300,13.22,67.2,1,Heat Dissipation Failure,363.79999999999995
1310,74.07,120.8,1,Tool Wear Failure,342.89
796,49.32,183.5,0,No Failure,334.91999999999996
1346,36.82,188.9,1,Tool Wear Failure,337.82
1709,49.89,194.7,0,No Failure,310.39
1824,31.73,132.1,0,No Failure,318.55999999999995
2347,40.36,116.9,1,Power Failure,308.15
2042,31.83,88.1,1,Heat Dissipation Failure,355.64
1616,25.21,6.6,0,No Failure,353.01
1238,15.53,34.3,0,No Failure,338.26
2118,22.63,104.9,0,No Failure,334.90999999999997
1421,59.3,108.5,0,No Failure,312.97999999999996
1320,31.18,199.7,0,No Failure,330.29999999999995
1404,52.49,193.9,1,Tool Wear Failure,356.45
1112,58.39,73.8,0,No Failure,334.85999999999996
1387,45.23,164.1,0,No Failure,325.80999999999995
1468,40.82,86.4,0,No Failure,310.29999999999995
1806,46.86,156.0,0,No Failure,351.09
1414,39.17,163.4,0,No Failure,332.24
1106,61.85,189.5,0,No Failure,310.30999999999995
989,71.27,85.4,0,No Failure,321.13
1623,65.3,175.9,1,Power Failure,316.53999999999996
1575,14.88,2.6,0,No Failure,331.44
1356,38.88,192.8,0,No Failure,335.84999999999997
1386,45.06,113.5,0,No Failure,326.60999999999996
1686,51.48,114.8,0,No Failure,343.25
2037,20.82,0.0,0,No Failure,334.16999999999996
1277,20.59,91.7,0,No Failure,346.96
1581,63.3,196.3,1,Tool Wear Failure,328.51
1885,37.17,89.4,1,Heat Dissipation Failure,372.74
1278,24.18,157.8,0,No Failure,325.80999999999995
1545,29.55,117.1,0,No Failure,321.40999999999997
1537,50.47,178.8,0,No Failure,319.80999999999995
1091,33.48,126.5,0,No Failure,330.40999999999997
1609,48.38,59.1,0,No Failure,310.79999999999995
1561,31.3,118.4,0,No Failure,336.97999999999996
1744,20.58,211.1,0,No Failure,308.38
1135,64.94,144.9,0,No Failure,335.25
1553,50.57,108.0,0,No Failure,315.58
2034,40.33,250.3,1,Tool Wear Failure,328.19
2277,37.7,184.6,1,Heat Dissipation Failure,341.01
1998,65.51,164.0,1,Power Failure,363.09999999999997
1138,53.28,134.0,0,No Failure,319.14
1708,61.06,158.8,1,Power Failure,331.2
1381,36.83,160.8,0,No Failure,323.74
1649,45.71,0.0,0,No Failure,321.84
1280,50.63,138.7,0,No Failure,323.85999999999996
950,37.3,105.4,0,No Failure,343.85999999999996
1429,43.66,85.0,0,No Failure,326.80999999999995
1803,36.83,103.3,1,Heat Dissipation Failure,362.39
1651,50.59,21.6,0,No Failure,338.55999999999995
1691,26.5,6.7,0,No Failure,320.02
1626,53.01,189.8,0,No Failure,328.38
1692,49.35,142.7,0,No Failure,322.72999999999996
1735,42.15,0.0,0,No Failure,343.54999999999995
1454,51.29,80.4,0,No Failure,311.84999999999997
1579,39.89,167.8,0,No Failure,315.71999999999997
2160,35.62,98.2,0,No Failure,325.46
1600,52.61,189.7,0,No Failure,342.03
1565,53.22,178.0,1,Tool Wear Failure,349.17999999999995
1586,37.9,33.6,0,No Failure,351.09999999999997
1474,36.7,106.4,0,No Failure,340.03999999999996
1398,42.44,88.1,0,No Failure,332.07
1623,37.27,31.6,0,No Failure,343.47999999999996
1373,66.35,27.7,0,No Failure,318.27
1499,49.43,66.6,0,No Failure,309.16999999999996
1273,45.2,76.5,0,No Failure,338.83
1588,31.94,132.0,0,No Failure,320.08
1754,55.35,177.7,0,No Failure,332.29999999999995
1476,36.44,145.8,0,No Failure,334.71
847,35.86,160.0,0,No Failure,336.38
1757,55.82,99.0,0,No Failure,345.34
1592,50.42,151.2,0,No Failure,343.96999999999997
1202,10.0,106.1,0,No Failure,335.69
1821,42.79,88.5,0,No Failure,327.4
1061,46.76,228.8,1,Tool Wear Failure,334.54999999999995
1916,40.25,0.0,0,No Failure,325.4
1530,47.25,2.6,0,No Failure,330.59999999999997
756,19.66,138.0,1,Heat Dissipation Failure,367.19
1612,10.0,99.1,0,No Failure,335.52
1408,31.34,28.8,0,No Failure,339.0
1355,48.95,51.7,0,No Failure,323.97999999999996
1292,10.0,59.5,0,No Failure,346.40999999999997
1505,33.19,168.5,0,No Failure,343.03
1380,18.08,187.7,0,No Failure,343.13
900,41.6,213.4,0,No Failure,335.94
1995,72.41,19.7,1,Power Failure,346.59
1464,41.96,33.0,0,No Failure,349.67999999999995
1294,43.49,28.9,0,No Failure,336.83
1155,56.75,192.3,0,No Failure,331.65999999999997
1820,45.3,140.0,0,No Failure,344.78
1096,41.99,119.8,0,No Failure,321.4
1597,57.97,128.8,0,No Failure,323.82
1346,51.61,111.6,0,No Failure,332.46
1366,49.04,47.7,0,No Failure,310.51
1164,43.06,145.8,0,No Failure,343.90999999999997
1333,40.16,103.8,0,No Failure,320.63
1553,57.84,43.0,0,No Failure,327.02
1632,40.29,149.5,0,No Failure,330.38
1275,62.24,89.5,0,No Failure,333.65999999999997
1518,30.34,128.6,0,No Failure,328.67999999999995
1861,65.07,107.5,1,Power Failure,332.27
968,51.61,168.5,0,No Failure,332.37
1548,31.44,128.2,0,No Failure,327.34
1217,52.13,62.0,0,No Failure,323.09999999999997
1182,35.9,134.3,0,No Failure,347.21
1641,45.47,136.3,0,No Failure,308.15
1359,38.19,145.7,0,No Failure,330.47999999999996
1124,43.14,177.2,0,No Failure,327.04999999999995
2013,58.18,78.0,1,Power Failure,338.59
1872,52.26,155.1,0,No Failure,314.24
874,29.24,11.5,0,No Failure,326.65
1034,30.05,107.8,0,No Failure,331.82
1758,48.79,98.5,0,No Failure,347.05999999999995
1450,49.8,201.9,1,Tool Wear Failure,337.46999999999997
2075,35.56,105.6,0,No Failure,317.76
1766,67.28,151.5,1,Power Failure,326.80999999999995
1655,56.39,9.3,0,No Failure,344.66999999999996
1192,36.24,93.9,0,No Failure,317.53999999999996
1722,34.89,64.2,0,No Failure,332.13
1103,41.81,260.0,1,Tool Wear Failure,333.03
2007,40.35,75.0,0,No Failure,328.13
1698,62.59,119.4,1,Heat Dissipation Failure,368.19
1261,58.78,122.6,0,No Failure,327.78
1832,45.49,19.6,0,No Failure,339.0
2335,54.49,83.4,1,Power Failure,323.19
1474,56.52,139.3,0,No Failure,340.01
1743,45.82,120.1,0,No Failure,344.46999999999997
1399,50.64,0.0,0,No Failure,325.51
1580,53.32,81.0,0,No Failure,332.44
1022,51.83,176.2,0,No Failure,321.51
1550,34.1,150.3,0,No Failure,318.27
1565,35.51,188.1,0,No Failure,346.63
2180,40.96,55.9,1,Heat Dissipation Failure,325.95
922,35.11,191.9,0,No Failure,308.15
1452,24.38,112.3,0,No Failure,356.09999999999997
2001,54.46,210.5,1,Power Failure,322.71999999999997
1465,49.85,115.2,0,No Failure,329.95
1490,26.25,0.0,0,No Failure,354.47999999999996
1258,41.63,166.0,0,No Failure,331.30999999999995
1224,42.42,88.4,0,No Failure,331.03
911,47.55,92.4,0,No Failure,317.17999999999995
1330,29.85,27.8,0,No Failure,311.9
1204,26.04,212.3,0,No Failure,330.99
1591,52.28,83.7,0,No Failure,337.87
1274,23.52,209.5,0,No Failure,337.12
1382,41.74,89.1,0,No Failure,326.89
1392,40.43,59.3,0,No Failure,333.40999999999997
1533,43.27,194.2,0,No Failure,309.27
1365,48.54,110.6,0,No Failure,339.13
1178,67.38,111.2,0,No Failure,335.25
1580,22.61,38.1,0,No Failure,358.80999999999995
1924,57.27,87.5,1,Power Failure,333.25
1595,10.0,140.7,0,No Failure,320.9
1337,64.51,37.0,0,No Failure,332.49
1507,16.4,82.7,0,No Failure,328.89
832,79.11,89.8,1,Tool Wear Failure,338.79999999999995
1501,39.54,119.0,0,No Failure,333.5
1410,63.07,203.8,1,Tool Wear Failure,316.77
1223,60.18,97.0,0,No Failure,311.89
1287,38.89,73.6,0,No Failure,336.57
1406,39.96,260.0,1,Tool Wear Failure,351.13
1897,33.28,89.0,0,No Failure,334.17999999999995
1932,56.02,103.6,0,No Failure,343.71999999999997
1225,39.07,93.5,0,No Failure,346.32
1369,33.53,98.4,0,No Failure,336.62
1378,52.52,119.7,0,No Failure,322.55999999999995
1833,32.44,170.2,0,No Failure,335.69
1601,40.39,139.2,0,No Failure,348.84
1582,46.5,179.6,0,No Failure,340.03999999999996
1738,36.01,177.6,0,No Failure,342.88
1341,38.12,127.5,0,No Failure,327.14
2027,66.49,137.6,1,Power Failure,330.52
1549,42.14,181.5,0,No Failure,331.60999999999996
1250,39.97,48.3,0,No Failure,332.47999999999996
1470,42.55,260.0,1,Tool Wear Failure,348.33
1981,51.36,84.2,0,No Failure,308.15
1401,30.53,93.9,0,No Failure,333.54999999999995
1882,50.98,42.3,0,No Failure,332.12
1331,48.58,44.1,0,No Failure,315.32
1282,19.96,173.4,0,No Failure,341.88
1781,70.12,251.2,1,Tool Wear Failure,323.72999999999996
1244,65.45,81.0,0,No Failure,328.51
1838,33.79,135.8,1,Heat Dissipation Failure,357.17999999999995
1673,29.29,128.2,0,No Failure,346.28
1244,48.19,175.0,0,No Failure,340.62
1525,25.04,248.1,1,Tool Wear Failure,338.09999999999997
1358,64.1,206.3,1,Tool Wear Failure,331.01
1672,38.44,100.7,0,No Failure,359.14
2211,67.71,146.7,1,Power Failure,343.58
1420,33.46,152.7,0,No Failure,323.40999999999997
1737,43.43,113.8,0,No Failure,314.95
1559,62.74,49.2,0,No Failure,340.52
1558,40.47,67.1,0,No Failure,332.41999999999996
1492,48.81,183.9,0,No Failure,314.57
1250,60.3,190.1,0,No Failure,338.71999999999997
1667,37.22,102.5,0,No Failure,329.65
1449,27.34,130.7,0,No Failure,340.04999999999995
1233,24.58,186.8,0,No Failure,338.89
1905,53.17,12.7,0,No Failure,325.24
1585,50.44,88.2,0,No Failure,341.38
1470,59.86,236.1,1,Tool Wear Failure,326.67999999999995
2019,41.16,133.0,0,No Failure,327.52
907,24.97,47.2,0,No Failure,326.22999999999996
1995,12.06,122.0,0,No Failure,347.84999999999997
1242,85.0,176.3,1,Tool Wear Failure,329.5
1624,52.38,0.0,0,No Failure,350.99
1344,46.92,125.6,0,No Failure,356.34
1227,48.9,92.7,0,No Failure,323.54999999999995
2010,24.96,16.5,0,No Failure,308.15
2200,33.87,119.9,1,Heat Dissipation Failure,346.72999999999996
1473,69.41,106.8,1,Power Failure,328.7
1667,54.22,113.6,0,No Failure,321.89
1570,34.31,94.1,0,No Failure,325.5
2156,27.82,53.7,0,No Failure,327.76
810,37.78,27.7,0,No Failure,350.01
1682,40.58,73.6,0,No Failure,335.22999999999996
1296,73.69,166.6,1,Tool Wear Failure,349.84
725,42.36,129.0,0,No Failure,339.57
1424,28.35,110.8,0,No Failure,329.13
2197,44.18,52.6,1,Power Failure,328.08
1320,48.7,92.6,0,No Failure,340.45
1827,27.07,159.2,0,No Failure,343.82
1970,50.63,145.3,0,No Failure,346.10999999999996
1546,61.92,86.4,0,No Failure,329.75
1592,46.94,0.0,0,No Failure,335.42999999999995
949,33.84,74.5,0,No Failure,340.74
1299,37.6,86.0,0,No Failure,328.15999999999997
1867,21.78,60.6,0,No Failure,318.4
1571,43.13,90.2,0,No Failure,322.66999999999996
1679,49.35,164.0,0,No Failure,330.02
1597,32.45,112.8,0,No Failure,341.76
2317,72.16,174.4,1,Power Failure,349.52
1399,56.09,24.5,0,No Failure,315.52
2112,19.9,96.7,0,No Failure,325.38
1597,20.19,0.0,0,No Failure,328.5
2143,31.22,89.4,0,No Failure,343.47999999999996
1121,67.02,52.3,0,No Failure,326.28
1615,57.47,191.9,1,Tool Wear Failure,327.55999999999995
1412,67.73,139.6,0,No Failure,314.78999999999996
1599,45.14,175.9,0,No Failure,339.42999999999995
1978,42.07,89.2,0,No Failure,331.04999999999995
1683,27.53,53.8,0,No Failure,324.65
1977,49.9,51.9,1,Power Failure,329.78
1315,42.25,130.9,0,No Failure,347.79999999999995
1262,41.71,223.6,1,Tool Wear Failure,320.09
1556,67.65,139.7,1,Power Failure,322.21
1536,43.23,92.5,0,No Failure,349.42999999999995
1485,63.63,103.7,0,No Failure,334.14
1214,22.77,113.1,0,No Failure,341.85999999999996
1970,82.63,236.6,1,Power Failure,338.37
1423,39.77,189.0,0,No Failure,332.69
2049,54.9,130.6,1,Power Failure,328.62
1554,57.13,121.6,0,No Failure,343.96
1777,38.04,133.0,0,No Failure,348.26
1745,56.47,144.7,0,No Failure,347.24
1262,57.19,90.2,0,No Failure,317.74
1679,35.02,64.4,0,No Failure,350.10999999999996
2225,35.18,176.9,1,Heat Dissipation Failure,328.5
1638,45.63,116.3,0,No Failure,323.33
1865,43.38,171.9,0,No Failure,330.95
1793,64.5,213.8,1,Power Failure,343.95
1657,54.84,146.2,0,No Failure,340.17999999999995
1615,44.01,136.5,0,No Failure,329.83
1742,53.49,260.0,1,Tool Wear Failure,344.03999999999996
1817,16.35,127.4,0,No Failure,334.96999999999997
1077,36.39,49.6,0,No Failure,325.7
1637,49.03,98.1,0,No Failure,323.95
1486,60.62,208.1,1,Tool Wear Failure,338.47999999999996
1413,47.8,37.3,0,No Failure,332.08
2004,65.42,69.9,1,Power Failure,315.27
1293,57.15,181.4,0,No Failure,344.15999999999997
1062,38.16,98.7,0,No Failure,326.90999999999997
1829,43.04,108.4,0,No Failure,353.84999999999997
1053,50.72,179.4,0,No Failure,314.90999999999997
875,38.72,72.0,0,No Failure,330.79999999999995
1868,66.44,26.9,1,Power Failure,324.04999999999995
1606,29.48,31.7,0,No Failure,320.46999999999997
1715,49.43,149.9,0,No Failure,326.82
1395,55.3,130.5,0,No Failure,356.16999999999996
1065,40.61,73.4,0,No Failure,335.01
1135,37.46,45.5,0,No Failure,322.85999999999996
1455,43.93,98.8,0,No Failure,309.38
1105,56.37,182.0,0,No Failure,310.77
1657,38.0,64.9,0,No Failure,326.17999999999995
1388,30.04,75.2,0,No Failure,324.90999999999997
1615,61.11,43.6,0,No Failure,330.24
1604,50.59,93.0,0,No Failure,308.15
1685,59.11,135.3,0,No Failure,331.96
1725,55.63,241.9,1,Tool Wear Failure,346.51
1430,75.52,128.1,1,Power Failure,354.25
1614,60.61,111.8,0,No Failure,308.52
1633,34.86,166.8,0,No Failure,322.72999999999996
700,51.58,156.8,0,No Failure,322.03999999999996
1776,37.2,80.3,0,No Failure,335.03999999999996
1602,38.64,253.1,1,Tool Wear Failure,317.28999999999996
1747,25.22,113.5,1,Heat Dissipation Failure,355.02
1100,40.99,129.2,0,No Failure,333.71999999999997
1439,52.63,148.1,0,No Failure,331.54999999999995
1168,44.08,135.8,0,No Failure,353.85999999999996
1811,29.61,206.5,1,Tool Wear Failure,332.94
1058,23.68,79.6,0,No Failure,338.34999999999997
1225,74.57,162.0,1,Tool Wear Failure,323.39
1737,49.55,124.9,0,No Failure,315.33
1330,33.46,174.0,0,No Failure,325.21999999999997
1225,51.46,102.1,1,Heat Dissipation Failure,361.58
1867,75.65,94.0,1,Power Failure,341.38
1882,53.69,158.9,0,No Failure,336.71999999999997
1803,10.0,136.5,0,No Failure,320.46
1847,82.13,65.8,1,Power Failure,345.0
1469,19.11,195.7,0,No Failure,315.5
1478,42.12,159.0,0,No Failure,312.78
1323,29.13,110.5,0,No Failure,325.88
1609,34.64,86.9,0,No Failure,358.55999999999995
1365,48.98,136.8,0,No Failure,357.82
1398,16.01,154.6,0,No Failure,327.28
1760,43.74,19.4,0,No Failure,324.39
1965,61.06,137.5,1,Power Failure,311.83
1689,33.19,154.2,0,No Failure,334.15999999999997
2178,25.54,0.0,0,No Failure,335.26
1303,43.05,126.8,0,No Failure,343.40999999999997
907,40.26,156.7,0,No Failure,344.99
1800,36.67,149.9,0,No Failure,330.58
1280,28.36,163.1,0,No Failure,340.38
1454,52.27,95.3,0,No Failure,324.03999999999996
931,53.33,52.6,0,No Failure,340.13
1235,30.08,7.0,0,No Failure,326.55999999999995
1024,32.02,180.5,0,No Failure,339.12
1398,46.91,157.2,0,No Failure,338.07
1412,31.49,185.1,0,No Failure,334.03999999999996
1581,47.5,71.5,0,No Failure,343.47999999999996
1984,65.55,163.2,1,Power Failure,312.72999999999996
1787,44.16,24.8,0,No Failure,319.30999999999995
982,28.01,62.8,0,No Failure,329.64
1763,50.49,122.6,0,No Failure,314.39
1589,42.51,154.8,0,No Failure,327.85999999999996
1516,42.9,215.7,1,Tool Wear Failure,328.28
1542,51.65,100.6,0,No Failure,350.17999999999995
1622,54.67,63.1,0,No Failure,335.0
1308,45.5,60.0,0,No Failure,346.53
1486,44.15,73.7,0,No Failure,337.07
1964,73.89,248.3,1,Power Failure,326.19
1304,61.81,160.4,0,No Failure,334.89
1190,56.67,181.8,0,No Failure,342.63
1528,46.84,100.7,0,No Failure,348.65999999999997
1154,30.92,114.9,0,No Failure,331.42999999999995
947,60.78,157.0,0,No Failure,311.72999999999996
1429,47.02,84.7,0,No Failure,310.82
2057,36.92,97.5,0,No Failure,328.90999999999997
1536,41.6,74.5,0,No Failure,308.15
1613,31.47,88.2,0,No Failure,356.49
804,59.8,117.9,0,No Failure,340.90999999999997
1703,54.56,65.7,0,No Failure,324.89
1583,47.54,132.2,0,No Failure,318.71999999999997
1317,44.4,132.1,0,No Failure,346.52
1613,35.47,104.2,0,No Failure,318.66999999999996
1610,15.18,65.4,0,No Failure,319.90999999999997
1179,25.22,121.3,0,No Failure,323.19
1666,34.6,84.7,0,No Failure,334.63
1969,32.5,117.8,0,No Failure,341.21999999999997
1470,49.05,180.9,0,No Failure,348.65
1246,56.36,39.8,0,No Failure,346.72999999999996
1488,43.2,245.4,1,Tool Wear Failure,333.15999999999997
1849,64.72,110.6,1,Power Failure,346.41999999999996
1121,34.04,139.7,0,No Failure,324.42999999999995
1752,43.1,69.8,0,No Failure,309.47999999999996
1313,44.29,183.5,0,No Failure,324.42999999999995
1635,60.29,107.5,0,No Failure,322.66999999999996
1352,46.48,91.4,0,No Failure,324.92999999999995
1352,46.87,80.5,0,No Failure,320.67999999999995
2083,21.83,98.9,0,No Failure,327.15999999999997
1057,32.4,140.1,0,No Failure,341.21
1720,60.34,125.4,1,Power Failure,355.45
2156,15.95,112.6,0,No Failure,310.71999999999997
1790,63.8,72.3,1,Power Failure,316.40999999999997
1084,52.0,68.8,0,No Failure,322.85999999999996
1101,34.53,87.3,0,No Failure,343.09999999999997
1287,33.35,142.6,0,No Failure,330.49
1605,71.54,154.7,1,Power Failure,323.74
1629,64.76,162.8,1,Power Failure,342.46999999999997
1105,43.33,114.9,0,No Failure,345.58
1245,46.88,138.0,0,No Failure,332.90999999999997
1266,35.95,104.9,0,No Failure,322.53999999999996
1487,46.89,10.5,0,No Failure,336.65999999999997
2245,35.57,102.0,0,No Failure,330.12
1223,43.9,92.5,0,No Failure,330.02
1208,70.34,52.7,0,No Failure,326.49
1153,43.66,81.0,0,No Failure,345.16999999999996
1772,30.33,123.1,0,No Failure,336.4
1536,25.87,47.0,0,No Failure,346.60999999999996
1236,46.78,72.4,0,No Failure,350.52
1423,34.35,207.9,0,No Failure,339.12
1273,48.45,18.8,0,No Failure,326.57
1654,22.33,104.0,0,No Failure,346.66999999999996
2490,54.66,45.0,1,Power Failure,339.2
1743,30.16,69.9,1,Heat Dissipation Failure,366.99
1517,45.65,103.1,0,No Failure,337.17999999999995
1317,40.26,55.7,0,No Failure,342.21999999999997
1080,69.06,149.4,0,No Failure,336.92999999999995
1807,47.4,196.1,0,No Failure,331.85999999999996
1788,72.24,165.5,1,Power Failure,329.78999999999996
1387,52.85,176.5,0,No Failure,336.97999999999996
1975,64.96,32.2,1,Power Failure,339.92999999999995
1557,42.08,100.4,0,No Failure,348.15999999999997
1821,49.84,143.0,0,No Failure,337.16999999999996
1654,62.06,167.3,1,Power Failure,327.13
1488,57.67,220.2,1,Tool Wear Failure,328.9
1216,52.43,179.1,0,No Failure,315.95
1499,40.41,168.8,0,No Failure,354.75
1845,42.78,260.0,1,Tool Wear Failure,326.10999999999996
1372,60.93,120.8,0,No Failure,345.72999999999996
1704,63.84,97.7,0,No Failure,336.75
1171,36.7,125.6,0,No Failure,337.09999999999997
1823,34.59,60.1,0,No Failure,331.62
1660,32.34,119.1,0,No Failure,322.90999999999997
1129,56.62,11.4,0,No Failure,320.55999999999995
1472,31.99,83.2,0,No Failure,355.62
1876,56.45,108.1,1,Power Failure,334.63
1109,52.64,172.0,0,No Failure,347.78
1175,37.37,181.7,1,Tool Wear Failure,351.15
1526,66.89,57.2,1,Power Failure,327.80999999999995
2297,24.53,239.6,1,Tool Wear Failure,338.65999999999997
1315,68.23,123.9,0,No Failure,333.74
1723,49.46,129.4,0,No Failure,318.10999999999996
1641,15.97,17.9,0,No Failure,330.74
1344,67.29,77.8,0,No Failure,340.78999999999996
1606,58.61,178.0,0,No Failure,326.65999999999997
1393,39.01,125.2,0,No Failure,328.92999999999995
1425,31.49,121.5,0,No Failure,330.9
969,23.03,128.6,0,No Failure,360.59999999999997
1541,78.82,28.4,1,Power Failure,309.30999999999995
1865,32.07,109.2,0,No Failure,339.66999999999996
1570,27.31,199.5,0,No Failure,329.85999999999996
1932,48.75,180.2,1,Tool Wear Failure,324.82
1753,22.07,107.5,0,No Failure,329.53999999999996
1529,31.26,208.8,0,No Failure,341.83
1330,58.93,39.5,0,No Failure,342.57
1380,51.5,56.7,0,No Failure,335.57
1035,39.59,226.8,1,Tool Wear Failure,347.35999999999996
1457,45.26,149.7,0,No Failure,349.64
1601,38.81,97.7,0,No Failure,343.76
2150,44.13,111.7,1,Power Failure,326.04999999999995
1735,34.33,66.6,0,No Failure,339.58
1247,36.88,131.6,0,No Failure,339.64
1046,36.45,126.8,0,No Failure,322.54999999999995
1478,34.84,116.2,0,No Failure,312.75
1834,59.61,45.4,0,No Failure,308.15
1473,55.78,130.9,0,No Failure,334.05999999999995
1740,31.95,83.2,0,No Failure,337.02
1487,28.28,55.8,0,No Failure,317.78999999999996
1801,42.8,191.0,0,No Failure,346.75
991,75.17,245.2,1,Tool Wear Failure,335.13
2111,30.61,231.6,1,Tool Wear Failure,350.69
1161,42.74,154.0,0,No Failure,337.96999999999997
1828,46.24,99.1,0,No Failure,319.28999999999996
1455,43.48,110.8,0,No Failure,339.10999999999996
1509,38.59,139.3,0,No Failure,341.85999999999996
1466,61.17,89.8,0,No Failure,326.03
1639,51.36,194.1,0,No Failure,314.4
1710,56.84,0.0,0,No Failure,334.45
1920,53.25,97.3,0,No Failure,320.14
2043,57.52,163.1,1,Power Failure,347.71999999999997
1666,67.18,64.3,1,Power Failure,327.85999999999996
2150,63.63,100.6,1,Power Failure,355.57
1583,77.55,150.6,1,Power Failure,308.15
1927,62.04,206.1,1,Power Failure,334.9
1700,35.63,37.4,0,No Failure,351.72999999999996
1358,56.86,32.9,0,No Failure,321.58
1613,54.95,58.2,0,No Failure,331.08
1726,71.88,22.7,1,Power Failure,327.90999999999997
1539,31.46,27.0,0,No Failure,324.26
1694,52.81,56.6,0,No Failure,336.33
1853,35.47,189.0,0,No Failure,316.30999999999995
1542,52.18,96.3,0,No Failure,331.71
600,41.99,116.9,0,No Failure,339.85999999999996
2137,51.71,57.7,1,Power Failure,330.34999999999997
1446,25.26,153.0,0,No Failure,320.15
1262,56.11,227.5,1,Tool Wear Failure,346.53999999999996
1157,47.88,61.7,0,No Failure,342.64
1432,47.13,218.5,1,Tool Wear Failure,319.60999999999996
1353,72.3,136.9,1,Tool Wear Failure,316.33
1292,39.65,116.0,0,No Failure,320.77
1311,49.79,139.0,0,No Failure,340.24
1735,46.4,138.4,0,No Failure,336.72999999999996
2261,47.77,226.4,1,Power Failure,343.41999999999996
1837,76.11,146.2,1,Power Failure,328.90999999999997
1943,45.89,147.5,0,No Failure,321.13
1418,37.06,89.7,0,No Failure,345.09999999999997
1587,71.19,165.3,1,Power Failure,325.96
1699,40.69,57.6,0,No Failure,335.58
1319,22.53,121.5,0,No Failure,313.0
1401,34.63,260.0,1,Tool Wear Failure,325.74
1849,27.55,0.0,0,No Failure,346.27
1932,19.8,129.0,0,No Failure,323.84
1574,39.92,131.3,0,No Failure,343.74
1132,44.02,101.3,0,No Failure,308.15
1447,61.53,102.7,0,No Failure,325.88
1046,53.81,120.5,0,No Failure,330.91999999999996
1576,53.17,99.9,0,No Failure,355.79999999999995
1639,32.5,128.3,0,No Failure,317.95
1455,57.39,85.7,0,No Failure,341.87
1635,64.48,236.3,1,Tool Wear Failure,346.89
1696,50.52,99.9,0,No Failure,323.77
1640,50.92,149.2,0,No Failure,328.28999999999996
1129,27.29,74.9,0,No Failure,334.99
1461,59.76,171.0,0,No Failure,313.89
1693,69.93,159.0,1,Power Failure,327.22999999999996
2103,49.52,140.2,1,Power Failure,349.74
1455,36.68,53.4,0,No Failure,339.94
1743,42.73,69.9,0,No Failure,331.10999999999996
1857,39.11,216.2,0,No Failure,334.62
1481,39.95,69.2,0,No Failure,340.7
1952,54.07,153.5,1,Power Failure,343.19
1971,48.91,58.3,0,No Failure,325.91999999999996
2033,59.06,175.5,1,Power Failure,353.09999999999997
1710,50.19,73.8,0,No Failure,350.26
2376,32.9,57.2,1,Heat Dissipation Failure,341.95
1335,37.99,72.3,0,No Failure,322.19
2293,37.12,81.8,1,Heat Dissipation Failure,319.89
1819,42.39,139.3,0,No Failure,328.9
2019,70.13,119.2,1,Power Failure,333.94
1438,72.37,49.3,1,Power Failure,310.15999999999997
1846,56.71,113.3,0,No Failure,339.58
2049,46.66,46.4,1,Heat Dissipation Failure,349.89
1169,25.94,153.6,0,No Failure,340.64
1493,48.08,164.6,0,No Failure,324.35999999999996
801,33.94,113.6,0,No Failure,322.82
1488,67.83,131.3,1,Power Failure,337.04999999999995
1264,22.51,220.1,0,No Failure,331.15999999999997
1474,50.38,105.5,0,No Failure,338.90999999999997
2573,32.76,58.3,1,Heat Dissipation Failure,340.96999999999997
2151,44.87,149.8,1,Heat Dissipation Failure,347.34
1046,54.32,47.0,0,No Failure,318.42999999999995
1745,59.31,102.4,0,No Failure,336.03
1830,44.15,79.1,0,No Failure,328.41999999999996
1432,55.66,72.9,0,No Failure,331.87
1612,35.73,100.0,0,No Failure,344.39
1647,48.44,169.0,0,No Failure,345.79999999999995
1079,59.03,181.3,1,Tool Wear Failure,351.33
1189,49.65,170.6,0,No Failure,338.67999999999995
1610,37.59,135.2,0,No Failure,331.71999999999997
1585,41.09,99.5,0,No Failure,329.85999999999996
1302,59.22,0.0,0,No Failure,310.59999999999997
1272,29.71,137.1,0,No Failure,350.57
1519,31.78,0.0,0,No Failure,328.96999999999997
1860,53.42,0.0,0,No Failure,339.72999999999996
1523,38.85,105.3,0,No Failure,341.97999999999996
2118,24.66,130.9,0,No Failure,316.96
1306,63.91,87.9,0,No Failure,321.15
1618,29.61,207.1,1,Tool Wear Failure,353.26
1426,42.21,142.7,0,No Failure,336.92999999999995
1756,36.33,100.0,0,No Failure,325.59999999999997
1276,40.83,198.2,1,Tool Wear Failure,331.51
2225,32.62,208.9,1,Tool Wear Failure,347.27
958,55.0,145.8,0,No Failure,345.29999999999995
2150,46.55,68.5,0,No Failure,314.09
1581,58.77,82.0,0,No Failure,354.4
1743,36.47,28.2,0,No Failure,345.71
2017,74.86,112.5,1,Power Failure,331.16999999999996
1850,18.33,52.0,0,No Failure,317.65999999999997
1294,22.81,95.3,0,No Failure,346.84999999999997
1760,69.54,130.6,1,Power Failure,339.34
2204,51.64,0.0,1,Power Failure,314.2
1239,49.78,39.2,0,No Failure,330.13
2291,51.04,84.6,1,Heat Dissipation Failure,373.78999999999996
1685,53.0,111.8,0,No Failure,333.35999999999996
1398,49.2,85.4,0,No Failure,323.5
1237,31.48,98.8,0,No Failure,320.03999999999996
1472,56.45,72.6,0,No Failure,356.19
866,54.25,28.0,0,No Failure,344.16999999999996
1405,65.0,82.9,0,No Failure,351.45
1458,69.7,102.2,0,No Failure,336.38
1174,49.63,96.4,0,No Failure,349.45
1812,27.81,121.7,0,No Failure,322.12
1473,69.82,140.1,1,Power Failure,335.26
1327,30.75,155.9,0,No Failure,336.88
1436,49.73,77.0,0,No Failure,351.12
1674,41.41,20.5,0,No Failure,337.28999999999996
1576,38.97,191.3,0,No Failure,325.02
1305,55.7,138.1,0,No Failure,333.97999999999996
1594,48.42,57.7,0,No Failure,311.35999999999996
1532,52.19,131.7,0,No Failure,308.15
1151,33.58,179.1,0,No Failure,343.96
1449,42.56,218.8,0,No Failure,328.28
1753,34.23,130.0,0,No Failure,329.75
1750,42.21,178.6,0,No Failure,343.95
1470,43.34,42.4,0,No Failure,351.30999999999995
1787,70.82,112.8,1,Power Failure,340.09999999999997
1207,41.37,94.9,0,No Failure,358.21
1218,15.24,135.6,0,No Failure,339.67999999999995
1462,64.53,211.7,1,Tool Wear Failure,337.08
2074,51.29,130.0,1,Power Failure,336.28
1607,43.17,58.7,0,No Failure,316.44
1454,38.88,39.2,0,No Failure,345.58
2090,31.74,213.7,1,Tool Wear Failure,308.15
1450,72.13,145.8,1,Power Failure,325.53
2332,45.73,141.9,1,Power Failure,333.45
1371,20.67,94.4,0,No Failure,322.88
1196,49.59,131.1,0,No Failure,327.28
1492,61.89,55.8,1,Heat Dissipation Failure,357.05999999999995
1463,47.19,138.2,0,No Failure,347.5
1267,32.38,44.5,0,No Failure,324.22999999999996
2461,31.12,93.4,1,Heat Dissipation Failure,327.04999999999995
1662,32.16,76.4,0,No Failure,316.54999999999995
1712,66.3,0.0,1,Power Failure,342.30999999999995
1388,44.0,94.2,0,No Failure,329.9
1348,21.5,61.1,0,No Failure,308.15
1909,50.38,102.4,0,No Failure,334.46
963,46.97,115.1,0,No Failure,338.85999999999996
1150,38.72,221.1,1,Tool Wear Failure,345.66999999999996
1463,30.71,133.3,0,No Failure,332.2
2023,30.11,135.0,0,No Failure,328.30999999999995
1419,60.21,144.7,0,No Failure,358.96999999999997
1696,48.47,167.3,0,No Failure,333.24
1560,51.7,142.3,0,No Failure,342.5
2004,48.43,131.9,0,No Failure,326.14
995,49.59,157.7,0,No Failure,342.12
1808,38.44,0.0,0,No Failure,314.22999999999996
1480,42.12,240.3,1,Tool Wear Failure,327.14
1874,61.31,210.4,1,Power Failure,317.44
1263,64.8,128.0,0,No Failure,325.28999999999996
1559,27.89,30.2,0,No Failure,349.40999999999997
1514,42.08,187.6,0,No Failure,325.19
1199,56.75,73.4,0,No Failure,342.49
1102,71.35,147.0,1,Tool Wear Failure,352.87
1347,69.95,38.0,1,Tool Wear Failure,332.78999999999996
1595,33.86,248.6,1,Tool Wear Failure,346.07
1285,62.85,28.5,0,No Failure,340.04999999999995
1434,45.82,119.1,0,No Failure,334.65999999999997
890,59.62,0.0,0,No Failure,342.9
1420,56.04,112.5,1,Heat Dissipation Failure,357.07
1908,27.3,89.5,0,No Failure,324.87
1797,52.7,183.2,1,Tool Wear Failure,320.67999999999995
1520,59.08,89.5,0,No Failure,319.91999999999996
1635,44.72,183.3,0,No Failure,346.08
1260,41.55,53.6,0,No Failure,347.83
2119,23.0,98.1,0,No Failure,326.16999999999996
2274,54.57,99.3,1,Power Failure,308.15
1608,47.92,144.7,0,No Failure,324.38
2457,32.09,137.1,1,Heat Dissipation Failure,340.27
1312,40.44,158.3,0,No Failure,332.28
1112,47.16,131.0,0,No Failure,335.49
1302,37.18,154.7,0,No Failure,326.34999999999997
1473,45.04,61.1,0,No Failure,346.33
2359,20.5,138.3,1,Heat Dissipation Failure,337.60999999999996
1452,63.89,211.5,1,Tool Wear Failure,340.77
1249,45.22,14.2,0,No Failure,335.21999999999997
1236,29.61,144.3,0,No Failure,339.96999999999997
1949,10.56,155.6,0,No Failure,339.10999999999996
1899,59.41,202.7,1,Power Failure,321.09
1380,52.81,158.6,0,No Failure,338.0
893,47.95,121.0,0,No Failure,343.44
1155,57.09,140.8,0,No Failure,348.16999999999996
2152,57.05,70.9,1,Power Failure,338.55999999999995
1791,47.72,91.7,0,No Failure,320.59999999999997
1573,41.44,34.9,0,No Failure,322.59999999999997
2204,39.16,204.2,1,Tool Wear Failure,327.49
2235,50.89,142.0,1,Power Failure,335.60999999999996
1537,64.56,60.0,0,No Failure,331.55999999999995
1544,43.56,131.3,0,No Failure,318.53999999999996
1346,65.67,184.6,1,Tool Wear Failure,318.46
1450,50.22,174.6,0,No Failure,308.15
1030,50.33,59.3,0,No Failure,308.15
1028,78.67,0.0,1,Tool Wear Failure,331.44
947,68.14,138.7,1,Heat Dissipation Failure,363.30999999999995
1930,68.5,61.8,1,Power Failure,356.51
1004,33.83,152.3,0,No Failure,320.42999999999995
2232,75.69,172.0,1,Power Failure,335.09999999999997
1294,43.85,181.8,0,No Failure,314.10999999999996
2158,41.82,219.7,1,Tool Wear Failure,316.09
1422,14.77,189.2,0,No Failure,317.58
1002,49.57,220.0,1,Tool Wear Failure,330.21999999999997
1999,29.83,197.7,0,No Failure,330.78
2041,50.72,203.0,1,Tool Wear Failure,336.44
1233,28.74,112.5,0,No Failure,341.77
1434,70.17,37.6,1,Tool Wear Failure,328.77
1233,52.72,260.0,1,Tool Wear Failure,333.62
1508,76.92,118.8,1,Power Failure,318.92999999999995
1588,30.68,188.7,0,No Failure,315.66999999999996
1427,66.69,82.0,1,Tool Wear Failure,313.65999999999997
913,19.76,172.8,0,No Failure,341.59
1347,47.91,0.0,0,No Failure,328.76
1796,36.16,90.4,0,No Failure,308.83
1477,38.73,109.1,0,No Failure,332.33
1435,37.77,142.8,0,No Failure,316.91999999999996
1224,32.19,179.3,0,No Failure,354.72999999999996
1336,27.36,49.4,0,No Failure,325.63
2043,38.81,154.6,0,No Failure,342.01
1151,46.62,188.6,0,No Failure,347.30999999999995
1802,61.29,255.8,1,Tool Wear Failure,320.74
1566,49.13,157.4,0,No Failure,334.14
1636,61.33,87.4,1,Power Failure,340.34999999999997
1294,24.31,38.7,0,No Failure,334.65
1427,38.94,224.8,0,No Failure,337.84
1548,54.95,159.2,0,No Failure,315.85999999999996
1368,49.8,113.7,0,No Failure,340.34999999999997
1666,32.94,17.8,0,No Failure,326.83
1710,58.08,59.1,0,No Failure,337.69
2310,37.56,152.9,1,Heat Dissipation Failure,345.10999999999996
1647,34.12,136.2,0,No Failure,341.84
881,51.82,0.0,0,No Failure,337.67999999999995
1957,45.09,153.0,0,No Failure,341.5
1479,37.68,20.9,0,No Failure,342.09999999999997
2254,37.2,196.2,1,Heat Dissipation Failure,352.59
2065,30.02,127.5,0,No Failure,332.71
1373,39.46,87.2,0,No Failure,335.28
1803,60.4,174.4,1,Power Failure,345.27
1342,48.42,136.2,0,No Failure,326.77
1551,58.42,194.5,0,No Failure,315.78999999999996
1787,52.22,119.8,0,No Failure,339.55999999999995
1940,36.43,123.3,0,No Failure,330.46999999999997
1863,21.91,97.9,0,No Failure,317.45
1576,32.02,130.8,0,No Failure,339.65999999999997
2419,35.6,216.9,1,Heat Dissipation Failure,351.75
1422,34.52,84.8,0,No Failure,311.96
987,58.73,153.9,0,No Failure,346.44
1055,58.59,62.2,0,No Failure,308.15
2066,75.97,0.0,1,Power Failure,327.95
1523,34.31,127.4,0,No Failure,357.08
1606,67.36,137.2,1,Power Failure,328.88
1360,67.28,108.4,1,Tool Wear Failure,334.32
1392,41.75,25.2,0,No Failure,343.07
1275,51.63,133.3,0,No Failure,310.84
1715,62.37,131.0,1,Power Failure,334.09
1516,44.18,61.7,0,No Failure,333.97999999999996
1702,43.09,33.8,0,No Failure,357.35999999999996
1669,36.22,99.9,0,No Failure,317.09
1401,11.96,154.2,0,No Failure,328.19
1039,45.99,140.0,0,No Failure,321.08
1009,35.06,62.1,0,No Failure,319.7
2600,29.95,123.2,1,Heat Dissipation Failure,347.80999999999995
2067,50.91,168.2,1,Power Failure,333.5
2019,24.68,44.6,0,No Failure,325.92999999999995
1314,56.29,118.8,0,No Failure,326.41999999999996
1553,51.77,195.4,0,No Failure,325.83
1265,39.4,38.5,0,No Failure,326.99
1091,44.11,184.3,0,No Failure,316.71
1344,28.34,212.2,0,No Failure,329.78999999999996
2014,55.5,101.7,1,Power Failure,328.47999999999996
1844,47.62,94.4,0,No Failure,323.29999999999995
1210,48.67,177.0,0,No Failure,335.16999999999996
1440,52.03,103.8,0,No Failure,336.27
1812,36.01,0.0,0,No Failure,325.90999999999997
1350,23.73,109.1,0,No Failure,331.28
1578,58.4,143.2,1,Heat Dissipation Failure,361.21
1691,54.64,159.4,1,Heat Dissipation Failure,360.71999999999997
1687,37.5,62.2,0,No Failure,319.45
1639,50.73,98.8,0,No Failure,321.26
1321,62.61,173.6,0,No Failure,319.38
1357,60.94,111.4,0,No Failure,346.89
1153,37.1,23.3,0,No Failure,327.96999999999997
1004,24.16,189.3,0,No Failure,336.27
1510,26.56,102.2,0,No Failure,359.10999999999996
1836,40.64,180.5,0,No Failure,333.01
1067,65.47,31.3,0,No Failure,342.33
1646,34.8,107.7,0,No Failure,339.91999999999996
1825,36.65,145.6,0,No Failure,325.5
907,36.36,109.8,0,No Failure,346.91999999999996
1455,37.56,44.0,0,No Failure,322.09999999999997
2126,44.84,0.0,1,Heat Dissipation Failure,350.57
1743,27.08,206.4,0,No Failure,325.51
895,60.18,129.9,0,No Failure,326.94
1780,42.97,185.0,0,No Failure,319.0
1288,79.71,170.7,1,Tool Wear Failure,321.13
1792,28.57,150.8,0,No Failure,327.59999999999997
1308,67.26,95.7,0,No Failure,308.15
1531,64.48,144.4,0,No Failure,330.12
1362,39.24,201.0,0,No Failure,326.54999999999995
1551,39.47,120.0,0,No Failure,343.41999999999996
1351,32.1,229.1,1,Tool Wear Failure,338.65
1472,32.26,25.0,0,No Failure,323.95
1139,44.99,18.6,0,No Failure,327.19
1722,45.29,174.3,0,No Failure,330.09999999999997
1611,22.57,65.9,0,No Failure,352.46999999999997
984,77.11,237.6,1,Tool Wear Failure,322.46
1898,41.37,195.2,0,No Failure,323.78999999999996
1488,45.92,210.3,1,Tool Wear Failure,318.47999999999996
1607,36.23,168.1,0,No Failure,313.88
1818,41.26,59.7,0,No Failure,337.14
1665,39.99,15.4,0,No Failure,335.78999999999996
1958,44.96,204.7,1,Tool Wear Failure,349.83
1447,44.8,25.0,0,No Failure,346.69
1912,56.27,210.1,1,Heat Dissipation Failure,364.30999999999995
1593,48.18,155.2,0,No Failure,332.19
1728,54.86,110.4,0,No Failure,329.76
1691,44.86,141.5,0,No Failure,316.25
1984,48.24,142.9,0,No Failure,342.21
1802,41.62,102.9,0,No Failure,334.69
1395,59.04,200.5,0,No Failure,341.62
1326,49.52,198.5,0,No Failure,318.34
1533,42.79,124.3,0,No Failure,337.71999999999997
1284,42.37,79.0,0,No Failure,335.82
1182,43.47,193.4,0,No Failure,334.96
805,45.43,0.0,0,No Failure,324.27
1008,44.21,141.6,0,No Failure,348.60999999999996
2245,37.18,159.4,1,Heat Dissipation Failure,359.79999999999995
1320,55.71,65.3,0,No Failure,318.71999999999997
2216,56.59,173.4,1,Power Failure,342.52
1691,69.97,113.4,1,Power Failure,308.15
1533,36.55,82.3,0,No Failure,341.84
1025,54.33,172.8,0,No Failure,308.84
1552,18.27,49.9,0,No Failure,326.33
2212,56.61,167.2,1,Power Failure,316.08
2095,24.61,0.0,0,No Failure,330.34999999999997
1646,31.22,132.1,0,No Failure,344.04999999999995
1148,49.65,117.6,0,No Failure,309.0
1215,36.3,82.6,0,No Failure,328.47999999999996
1252,34.38,138.4,0,No Failure,326.47999999999996
1997,38.21,110.2,0,No Failure,353.7
2121,55.21,178.3,1,Power Failure,338.76
1619,31.94,148.6,0,No Failure,317.84999999999997
1444,44.24,142.2,0,No Failure,327.02
2092,39.7,132.5,1,Heat Dissipation Failure,353.38
1207,56.48,86.7,0,No Failure,342.44
1568,56.87,96.9,0,No Failure,321.21
1712,19.31,129.9,0,No Failure,329.67999999999995
1248,59.63,104.6,0,No Failure,330.09
1327,36.45,181.7,0,No Failure,326.15999999999997
1300,48.31,120.6,0,No Failure,310.91999999999996
2046,31.86,137.6,0,No Failure,324.34
2220,50.2,30.8,1,Power Failure,351.21
1590,80.72,171.6,1,Power Failure,328.2
1456,46.78,80.1,0,No Failure,331.80999999999995
1340,38.56,52.4,0,No Failure,334.97999999999996
1551,41.75,213.8,1,Tool Wear Failure,361.99
1357,24.43,156.9,0,No Failure,333.27
1516,65.29,173.6,1,Tool Wear Failure,347.37
1695,49.38,142.3,0,No Failure,325.37
1408,30.32,109.4,0,No Failure,329.78
1484,30.77,98.2,0,No Failure,333.30999999999995
1485,45.21,161.7,0,No Failure,323.09
1439,58.05,183.0,1,Tool Wear Failure,330.5
1395,28.89,110.9,0,No Failure,344.69
1817,60.59,239.4,1,Tool Wear Failure,322.75
930,43.72,103.2,0,No Failure,333.15
2101,31.98,31.4,0,No Failure,342.35999999999996
1597,38.45,11.7,0,No Failure,322.42999999999995
1764,69.48,13.7,1,Power Failure,347.39
1804,25.57,90.2,0,No Failure,334.09999999999997
1302,34.75,101.1,0,No Failure,331.0
1230,58.34,156.0,0,No Failure,308.15
1189,48.03,113.3,0,No Failure,328.28999999999996
1464,33.92,165.6,0,No Failure,337.97999999999996
1795,58.51,117.7,1,Power Failure,355.84
1346,59.17,115.8,0,No Failure,340.53
1763,49.64,80.3,0,No Failure,347.78999999999996
721,36.43,200.4,0,No Failure,317.42999999999995
1415,38.58,23.1,0,No Failure,331.5
1958,48.99,133.1,0,No Failure,349.02
1490,26.63,104.1,0,No Failure,321.60999999999996
1260,63.59,161.9,0,No Failure,345.7
1320,68.8,113.8,0,No Failure,342.67999999999995
600,41.7,115.5,0,No Failure,336.71999999999997
1196,49.99,99.0,0,No Failure,328.88
1920,61.6,198.6,1,Power Failure,320.33
1346,72.38,115.1,1,Heat Dissipation Failure,356.22999999999996
1387,66.8,233.2,1,Tool Wear Failure,341.35999999999996
734,20.7,131.3,0,No Failure,337.58
979,40.58,116.3,0,No Failure,327.78
1967,52.01,106.3,1,Power Failure,333.64
1766,38.08,148.9,0,No Failure,335.28999999999996
1096,69.96,79.7,0,No Failure,338.34999999999997
1329,67.81,123.7,0,No Failure,342.7
1540,33.58,115.5,0,No Failure,322.97999999999996
1131,42.73,134.5,0,No Failure,314.08
849,34.51,136.0,0,No Failure,334.25
1494,42.27,139.1,0,No Failure,310.44
1750,41.84,120.7,0,No Failure,328.94
1757,58.36,209.1,1,Tool Wear Failure,326.53
1856,32.56,140.4,0,No Failure,339.53999999999996
1006,10.0,260.0,1,Tool Wear Failure,358.91999999999996
1570,22.54,118.0,0,No Failure,308.15
1456,30.6,172.5,1,Heat Dissipation Failure,362.71
1519,35.82,71.4,0,No Failure,330.12
1476,47.62,199.0,0,No Failure,337.66999999999996
1319,29.88,72.7,0,No Failure,314.76
600,28.04,142.4,0,No Failure,346.10999999999996
1957,31.99,99.1,0,No Failure,333.69
1665,29.38,142.1,0,No Failure,332.34999999999997
1030,37.24,100.9,0,No Failure,308.15
1716,36.64,67.6,0,No Failure,334.10999999999996
1393,54.65,98.7,0,No Failure,344.15
1403,31.15,207.5,0,No Failure,330.08
1281,39.99,143.0,0,No Failure,348.40999999999997
1738,37.37,37.7,0,No Failure,347.88
1270,56.32,180.7,0,No Failure,324.82
1166,42.84,61.5,0,No Failure,353.89
1946,59.71,159.6,1,Power Failure,333.74
1487,28.87,148.2,0,No Failure,333.79999999999995
1498,44.31,152.0,0,No Failure,334.44
1792,36.94,226.2,1,Tool Wear Failure,334.04999999999995
1316,27.84,65.3,0,No Failure,308.15
1386,44.05,151.6,0,No Failure,330.74
1657,69.26,190.6,1,Power Failure,315.41999999999996
1011,33.06,76.4,0,No Failure,354.28999999999996
1627,43.22,70.3,0,No Failure,353.77
1286,26.63,97.8,0,No Failure,344.22999999999996
1849,24.57,134.5,0,No Failure,330.04999999999995
1741,33.98,30.4,0,No Failure,320.04999999999995
1695,38.7,148.1,0,No Failure,324.59999999999997
988,39.32,30.5,0,No Failure,358.4
1514,41.84,192.6,0,No Failure,324.15
1138,21.92,145.8,0,No Failure,308.15
1537,36.24,229.8,1,Tool Wear Failure,346.53999999999996
740,52.02,155.1,0,No Failure,352.65999999999997
1011,25.98,96.7,0,No Failure,354.71999999999997
